Time,Interval Start,Interval End,Market,Location,Location Type,LMP,Energy,Congestion,Loss,GHG,Grid
2026-07-17 07:00:00+00:00,2026-07-17 07:00:00+00:00,2026-07-17 07:05:00+00:00,REAL_TIME_5_MIN,TH_NP15_GEN-APND,Trading Hub,41.68327,33.21494,-0.24527,-2.64784,11.36144,CAISO
2026-07-17 07:00:00+00:00,2026-07-17 07:00:00+00:00,2026-07-17 07:05:00+00:00,REAL_TIME_5_MIN,.H.INTERNAL_HUB,HUB,43.34,42.86,0.0,0.48,,ISONE
2026-07-17 07:00:00+00:00,2026-07-17 07:00:00+00:00,2026-07-17 07:05:00+00:00,REAL_TIME_5_MIN,LOUISIANA.HUB,Hub,24.73,25.910000000000004,-1.26,0.08,,MISO
2026-07-17 07:00:00+00:00,2026-07-17 07:00:00+00:00,2026-07-17 07:05:00+00:00,REAL_TIME_5_MIN,MINN.HUB,Hub,24.93,25.91,0.0,-0.98,,MISO
2026-07-17 07:05:00+00:00,2026-07-17 07:05:00+00:00,2026-07-17 07:10:00+00:00,REAL_TIME_5_MIN,TH_NP15_GEN-APND,Trading Hub,41.60402,35.05428,-0.24506,-2.64282,9.43762,CAISO
2026-07-17 07:05:00+00:00,2026-07-17 07:05:00+00:00,2026-07-17 07:10:00+00:00,REAL_TIME_5_MIN,.H.INTERNAL_HUB,HUB,43.68,43.08,0.11,0.49,,ISONE
2026-07-17 07:05:00+00:00,2026-07-17 07:05:00+00:00,2026-07-17 07:10:00+00:00,REAL_TIME_5_MIN,LOUISIANA.HUB,Hub,25.7,25.81,-0.23,0.12,,MISO
2026-07-17 07:05:00+00:00,2026-07-17 07:05:00+00:00,2026-07-17 07:10:00+00:00,REAL_TIME_5_MIN,MINN.HUB,Hub,24.96,25.81,0.1,-0.95,,MISO
2026-07-17 07:10:00+00:00,2026-07-17 07:10:00+00:00,2026-07-17 07:15:00+00:00,REAL_TIME_5_MIN,TH_NP15_GEN-APND,Trading Hub,40.88911,36.34908,-0.24318,-2.59755,7.38076,CAISO
2026-07-17 07:10:00+00:00,2026-07-17 07:10:00+00:00,2026-07-17 07:15:00+00:00,REAL_TIME_5_MIN,.H.INTERNAL_HUB,HUB,43.68,43.08,0.11,0.49,,ISONE
2026-07-17 07:10:00+00:00,2026-07-17 07:10:00+00:00,2026-07-17 07:15:00+00:00,REAL_TIME_5_MIN,LOUISIANA.HUB,Hub,25.09,24.93,0.0,0.16,,MISO
2026-07-17 07:10:00+00:00,2026-07-17 07:10:00+00:00,2026-07-17 07:15:00+00:00,REAL_TIME_5_MIN,MINN.HUB,Hub,24.03,24.930000000000003,0.08,-0.98,,MISO
2026-07-17 07:15:00+00:00,2026-07-17 07:15:00+00:00,2026-07-17 07:20:00+00:00,REAL_TIME_5_MIN,TH_NP15_GEN-APND,Trading Hub,39.9393,34.93298,-0.24071,-2.67867,7.9257,CAISO
2026-07-17 07:15:00+00:00,2026-07-17 07:15:00+00:00,2026-07-17 07:20:00+00:00,REAL_TIME_5_MIN,.H.INTERNAL_HUB,HUB,42.59,42.01,0.11,0.47,,ISONE
2026-07-17 07:15:00+00:00,2026-07-17 07:15:00+00:00,2026-07-17 07:20:00+00:00,REAL_TIME_5_MIN,LOUISIANA.HUB,Hub,24.86,24.74,0.0,0.12,,MISO
2026-07-17 07:15:00+00:00,2026-07-17 07:15:00+00:00,2026-07-17 07:20:00+00:00,REAL_TIME_5_MIN,MINN.HUB,Hub,23.82,24.74,0.08,-1.0,,MISO
2026-07-17 07:20:00+00:00,2026-07-17 07:20:00+00:00,2026-07-17 07:25:00+00:00,REAL_TIME_5_MIN,TH_NP15_GEN-APND,Trading Hub,39.97828,33.17073,-0.24081,-2.68127,9.72963,CAISO
2026-07-17 07:20:00+00:00,2026-07-17 07:20:00+00:00,2026-07-17 07:25:00+00:00,REAL_TIME_5_MIN,.H.INTERNAL_HUB,HUB,42.61,42.14,0.0,0.47,,ISONE
2026-07-17 07:20:00+00:00,2026-07-17 07:20:00+00:00,2026-07-17 07:25:00+00:00,REAL_TIME_5_MIN,LOUISIANA.HUB,Hub,24.96,24.85,0.0,0.11,,MISO
2026-07-17 07:20:00+00:00,2026-07-17 07:20:00+00:00,2026-07-17 07:25:00+00:00,REAL_TIME_5_MIN,MINN.HUB,Hub,23.85,24.85,0.0,-1.0,,MISO
2026-07-17 07:25:00+00:00,2026-07-17 07:25:00+00:00,2026-07-17 07:30:00+00:00,REAL_TIME_5_MIN,TH_NP15_GEN-APND,Trading Hub,39.70614,32.36507,-0.24009,-2.66308,10.24424,CAISO
2026-07-17 07:25:00+00:00,2026-07-17 07:25:00+00:00,2026-07-17 07:30:00+00:00,REAL_TIME_5_MIN,.H.INTERNAL_HUB,HUB,42.62,42.17,0.0,0.45,,ISONE
2026-07-17 07:25:00+00:00,2026-07-17 07:25:00+00:00,2026-07-17 07:30:00+00:00,REAL_TIME_5_MIN,LOUISIANA.HUB,Hub,25.33,25.2,0.0,0.13,,MISO
2026-07-17 07:25:00+00:00,2026-07-17 07:25:00+00:00,2026-07-17 07:30:00+00:00,REAL_TIME_5_MIN,MINN.HUB,Hub,24.08,25.2,0.0,-1.12,,MISO
2026-07-17 07:30:00+00:00,2026-07-17 07:30:00+00:00,2026-07-17 07:35:00+00:00,REAL_TIME_5_MIN,TH_NP15_GEN-APND,Trading Hub,35.06604,31.6928,-4.46071,-2.79764,10.63158,CAISO
2026-07-17 07:30:00+00:00,2026-07-17 07:30:00+00:00,2026-07-17 07:35:00+00:00,REAL_TIME_5_MIN,.H.INTERNAL_HUB,HUB,42.62,42.17,0.0,0.45,,ISONE
2026-07-17 07:30:00+00:00,2026-07-17 07:30:00+00:00,2026-07-17 07:35:00+00:00,REAL_TIME_5_MIN,LOUISIANA.HUB,Hub,24.94,24.8,0.0,0.14,,MISO
2026-07-17 07:30:00+00:00,2026-07-17 07:30:00+00:00,2026-07-17 07:35:00+00:00,REAL_TIME_5_MIN,MINN.HUB,Hub,23.56,24.8,0.02,-1.26,,MISO
2026-07-17 07:35:00+00:00,2026-07-17 07:35:00+00:00,2026-07-17 07:40:00+00:00,REAL_TIME_5_MIN,TH_NP15_GEN-APND,Trading Hub,35.06604,31.68564,-4.46071,-2.79764,10.63875,CAISO
2026-07-17 07:35:00+00:00,2026-07-17 07:35:00+00:00,2026-07-17 07:40:00+00:00,REAL_TIME_5_MIN,.H.INTERNAL_HUB,HUB,35.09,34.73,0.0,0.36,,ISONE
2026-07-17 07:35:00+00:00,2026-07-17 07:35:00+00:00,2026-07-17 07:40:00+00:00,REAL_TIME_5_MIN,LOUISIANA.HUB,Hub,25.02,25.47,-0.55,0.1,,MISO
2026-07-17 07:35:00+00:00,2026-07-17 07:35:00+00:00,2026-07-17 07:40:00+00:00,REAL_TIME_5_MIN,MINN.HUB,Hub,24.29,25.47,0.08,-1.26,,MISO
2026-07-17 07:40:00+00:00,2026-07-17 07:40:00+00:00,2026-07-17 07:45:00+00:00,REAL_TIME_5_MIN,TH_NP15_GEN-APND,Trading Hub,35.06604,30.95439,-4.46071,-2.79764,11.37,CAISO
2026-07-17 07:40:00+00:00,2026-07-17 07:40:00+00:00,2026-07-17 07:45:00+00:00,REAL_TIME_5_MIN,.H.INTERNAL_HUB,HUB,34.81,34.36,0.1,0.35,,ISONE
2026-07-17 07:40:00+00:00,2026-07-17 07:40:00+00:00,2026-07-17 07:45:00+00:00,REAL_TIME_5_MIN,LOUISIANA.HUB,Hub,24.81,25.03,-0.32,0.1,,MISO
2026-07-17 07:40:00+00:00,2026-07-17 07:40:00+00:00,2026-07-17 07:45:00+00:00,REAL_TIME_5_MIN,MINN.HUB,Hub,23.91,25.03,0.08,-1.2,,MISO
2026-07-17 07:45:00+00:00,2026-07-17 07:45:00+00:00,2026-07-17 07:50:00+00:00,REAL_TIME_5_MIN,TH_NP15_GEN-APND,Trading Hub,34.82463,30.72833,-4.54642,-2.82729,11.47,CAISO
2026-07-17 07:45:00+00:00,2026-07-17 07:45:00+00:00,2026-07-17 07:50:00+00:00,REAL_TIME_5_MIN,.H.INTERNAL_HUB,HUB,34.81,34.36,0.1,0.35,,ISONE
2026-07-17 07:45:00+00:00,2026-07-17 07:45:00+00:00,2026-07-17 07:50:00+00:00,REAL_TIME_5_MIN,LOUISIANA.HUB,Hub,24.66,24.68,-0.14,0.12,,MISO
2026-07-17 07:45:00+00:00,2026-07-17 07:45:00+00:00,2026-07-17 07:50:00+00:00,REAL_TIME_5_MIN,MINN.HUB,Hub,23.56,24.68,0.08,-1.2,,MISO
2026-07-17 07:50:00+00:00,2026-07-17 07:50:00+00:00,2026-07-17 07:55:00+00:00,REAL_TIME_5_MIN,TH_NP15_GEN-APND,Trading Hub,34.82463,30.72833,-4.54642,-2.82729,11.47,CAISO
2026-07-17 07:50:00+00:00,2026-07-17 07:50:00+00:00,2026-07-17 07:55:00+00:00,REAL_TIME_5_MIN,.H.INTERNAL_HUB,HUB,32.94,32.51,0.1,0.33,,ISONE
2026-07-17 07:50:00+00:00,2026-07-17 07:50:00+00:00,2026-07-17 07:55:00+00:00,REAL_TIME_5_MIN,LOUISIANA.HUB,Hub,24.54,24.75,-0.39,0.18,,MISO
2026-07-17 07:50:00+00:00,2026-07-17 07:50:00+00:00,2026-07-17 07:55:00+00:00,REAL_TIME_5_MIN,MINN.HUB,Hub,23.6,24.750000000000004,0.08,-1.23,,MISO
2026-07-17 07:55:00+00:00,2026-07-17 07:55:00+00:00,2026-07-17 08:00:00+00:00,REAL_TIME_5_MIN,TH_NP15_GEN-APND,Trading Hub,34.60687,29.87695,-4.51893,-2.80968,12.05854,CAISO
2026-07-17 07:55:00+00:00,2026-07-17 07:55:00+00:00,2026-07-17 08:00:00+00:00,REAL_TIME_5_MIN,.H.INTERNAL_HUB,HUB,32.94,32.51,0.1,0.33,,ISONE
2026-07-17 07:55:00+00:00,2026-07-17 07:55:00+00:00,2026-07-17 08:00:00+00:00,REAL_TIME_5_MIN,LOUISIANA.HUB,Hub,24.49,24.73,-0.42,0.18,,MISO
2026-07-17 07:55:00+00:00,2026-07-17 07:55:00+00:00,2026-07-17 08:00:00+00:00,REAL_TIME_5_MIN,MINN.HUB,Hub,23.47,24.73,0.01,-1.27,,MISO
2026-07-17 08:00:00+00:00,2026-07-17 08:00:00+00:00,2026-07-17 08:05:00+00:00,REAL_TIME_5_MIN,TH_NP15_GEN-APND,Trading Hub,35.18703,30.83303,-4.42553,-2.69047,11.47,CAISO
2026-07-17 08:00:00+00:00,2026-07-17 08:00:00+00:00,2026-07-17 08:05:00+00:00,REAL_TIME_5_MIN,.H.INTERNAL_HUB,HUB,31.42,31.01,0.1,0.31,,ISONE
2026-07-17 08:00:00+00:00,2026-07-17 08:00:00+00:00,2026-07-17 08:05:00+00:00,REAL_TIME_5_MIN,LOUISIANA.HUB,Hub,24.75,24.63,0.0,0.12,,MISO
2026-07-17 08:00:00+00:00,2026-07-17 08:00:00+00:00,2026-07-17 08:05:00+00:00,REAL_TIME_5_MIN,MINN.HUB,Hub,23.4,24.63,0.0,-1.23,,MISO
2026-07-17 08:05:00+00:00,2026-07-17 08:05:00+00:00,2026-07-17 08:10:00+00:00,REAL_TIME_5_MIN,TH_NP15_GEN-APND,Trading Hub,34.77777,30.34287,-4.3758,-2.6593,11.47,CAISO
2026-07-17 08:05:00+00:00,2026-07-17 08:05:00+00:00,2026-07-17 08:10:00+00:00,REAL_TIME_5_MIN,.H.INTERNAL_HUB,HUB,31.42,31.01,0.1,0.31,,ISONE
2026-07-17 08:05:00+00:00,2026-07-17 08:05:00+00:00,2026-07-17 08:10:00+00:00,REAL_TIME_5_MIN,LOUISIANA.HUB,Hub,24.78,24.67,0.0,0.11,,MISO
2026-07-17 08:05:00+00:00,2026-07-17 08:05:00+00:00,2026-07-17 08:10:00+00:00,REAL_TIME_5_MIN,MINN.HUB,Hub,23.37,24.67,0.02,-1.32,,MISO
2026-07-17 08:10:00+00:00,2026-07-17 08:10:00+00:00,2026-07-17 08:15:00+00:00,REAL_TIME_5_MIN,TH_NP15_GEN-APND,Trading Hub,34.64845,30.18799,-4.36009,-2.64945,11.47,CAISO
2026-07-17 08:10:00+00:00,2026-07-17 08:10:00+00:00,2026-07-17 08:15:00+00:00,REAL_TIME_5_MIN,.H.INTERNAL_HUB,HUB,30.72,30.26,0.15,0.31,,ISONE
2026-07-17 08:10:00+00:00,2026-07-17 08:10:00+00:00,2026-07-17 08:15:00+00:00,REAL_TIME_5_MIN,LOUISIANA.HUB,Hub,24.5,24.42,0.0,0.08,,MISO
2026-07-17 08:10:00+00:00,2026-07-17 08:10:00+00:00,2026-07-17 08:15:00+00:00,REAL_TIME_5_MIN,MINN.HUB,Hub,23.17,24.42,0.0,-1.25,,MISO
2026-07-17 08:15:00+00:00,2026-07-17 08:15:00+00:00,2026-07-17 08:20:00+00:00,REAL_TIME_5_MIN,TH_NP15_GEN-APND,Trading Hub,38.66338,29.98293,-0.23732,-2.45223,11.37,CAISO
2026-07-17 08:15:00+00:00,2026-07-17 08:15:00+00:00,2026-07-17 08:20:00+00:00,REAL_TIME_5_MIN,.H.INTERNAL_HUB,HUB,29.69,29.24,0.15,0.3,,ISONE
2026-07-17 08:15:00+00:00,2026-07-17 08:15:00+00:00,2026-07-17 08:20:00+00:00,REAL_TIME_5_MIN,LOUISIANA.HUB,Hub,24.5,24.41,0.0,0.09,,MISO
2026-07-17 08:15:00+00:00,2026-07-17 08:15:00+00:00,2026-07-17 08:20:00+00:00,REAL_TIME_5_MIN,MINN.HUB,Hub,23.19,24.41,0.02,-1.24,,MISO
2026-07-17 08:20:00+00:00,2026-07-17 08:20:00+00:00,2026-07-17 08:25:00+00:00,REAL_TIME_5_MIN,TH_NP15_GEN-APND,Trading Hub,36.79013,26.82634,-0.23238,-2.33383,12.53,CAISO
2026-07-17 08:20:00+00:00,2026-07-17 08:20:00+00:00,2026-07-17 08:25:00+00:00,REAL_TIME_5_MIN,.H.INTERNAL_HUB,HUB,31.01,30.59,0.11,0.31,,ISONE
2026-07-17 08:20:00+00:00,2026-07-17 08:20:00+00:00,2026-07-17 08:25:00+00:00,REAL_TIME_5_MIN,LOUISIANA.HUB,Hub,24.54,24.4,0.0,0.14,,MISO
2026-07-17 08:20:00+00:00,2026-07-17 08:20:00+00:00,2026-07-17 08:25:00+00:00,REAL_TIME_5_MIN,MINN.HUB,Hub,23.16,24.4,0.0,-1.24,,MISO
2026-07-17 08:25:00+00:00,2026-07-17 08:25:00+00:00,2026-07-17 08:30:00+00:00,REAL_TIME_5_MIN,TH_NP15_GEN-APND,Trading Hub,37.29285,27.48216,-0.2337,-2.3656,12.41,CAISO
2026-07-17 08:25:00+00:00,2026-07-17 08:25:00+00:00,2026-07-17 08:30:00+00:00,REAL_TIME_5_MIN,.H.INTERNAL_HUB,HUB,30.57,30.15,0.11,0.31,,ISONE
2026-07-17 08:25:00+00:00,2026-07-17 08:25:00+00:00,2026-07-17 08:30:00+00:00,REAL_TIME_5_MIN,LOUISIANA.HUB,Hub,24.52,24.39,0.0,0.13,,MISO
2026-07-17 08:25:00+00:00,2026-07-17 08:25:00+00:00,2026-07-17 08:30:00+00:00,REAL_TIME_5_MIN,MINN.HUB,Hub,23.17,24.39,0.02,-1.24,,MISO
2026-07-17 08:30:00+00:00,2026-07-17 08:30:00+00:00,2026-07-17 08:35:00+00:00,REAL_TIME_5_MIN,TH_NP15_GEN-APND,Trading Hub,37.01262,27.33141,-0.23303,-2.49576,12.41,CAISO
2026-07-17 08:30:00+00:00,2026-07-17 08:30:00+00:00,2026-07-17 08:35:00+00:00,REAL_TIME_5_MIN,.H.INTERNAL_HUB,HUB,30.57,30.15,0.11,0.31,,ISONE
2026-07-17 08:30:00+00:00,2026-07-17 08:30:00+00:00,2026-07-17 08:35:00+00:00,REAL_TIME_5_MIN,LOUISIANA.HUB,Hub,24.47,24.33,0.0,0.14,,MISO
2026-07-17 08:30:00+00:00,2026-07-17 08:30:00+00:00,2026-07-17 08:35:00+00:00,REAL_TIME_5_MIN,MINN.HUB,Hub,23.12,24.33,0.08,-1.29,,MISO
2026-07-17 08:35:00+00:00,2026-07-17 08:35:00+00:00,2026-07-17 08:40:00+00:00,REAL_TIME_5_MIN,TH_NP15_GEN-APND,Trading Hub,37.02601,27.85574,-0.23307,-2.49666,11.9,CAISO
2026-07-17 08:35:00+00:00,2026-07-17 08:35:00+00:00,2026-07-17 08:40:00+00:00,REAL_TIME_5_MIN,.H.INTERNAL_HUB,HUB,30.57,30.15,0.11,0.31,,ISONE
2026-07-17 08:35:00+00:00,2026-07-17 08:35:00+00:00,2026-07-17 08:40:00+00:00,REAL_TIME_5_MIN,LOUISIANA.HUB,Hub,24.26,24.15,0.0,0.11,,MISO
2026-07-17 08:35:00+00:00,2026-07-17 08:35:00+00:00,2026-07-17 08:40:00+00:00,REAL_TIME_5_MIN,MINN.HUB,Hub,22.91,24.15,0.0,-1.24,,MISO
2026-07-17 08:40:00+00:00,2026-07-17 08:40:00+00:00,2026-07-17 08:45:00+00:00,REAL_TIME_5_MIN,TH_NP15_GEN-APND,Trading Hub,36.9016,27.33055,-0.23274,-2.4883,12.29209,CAISO
2026-07-17 08:40:00+00:00,2026-07-17 08:40:00+00:00,2026-07-17 08:45:00+00:00,REAL_TIME_5_MIN,.H.INTERNAL_HUB,HUB,30.78,30.35,0.1,0.33,,ISONE
2026-07-17 08:40:00+00:00,2026-07-17 08:40:00+00:00,2026-07-17 08:45:00+00:00,REAL_TIME_5_MIN,LOUISIANA.HUB,Hub,23.88,23.77,0.0,0.11,,MISO
2026-07-17 08:40:00+00:00,2026-07-17 08:40:00+00:00,2026-07-17 08:45:00+00:00,REAL_TIME_5_MIN,MINN.HUB,Hub,22.56,23.77,0.0,-1.21,,MISO
2026-07-17 08:45:00+00:00,2026-07-17 08:45:00+00:00,2026-07-17 08:50:00+00:00,REAL_TIME_5_MIN,TH_NP15_GEN-APND,Trading Hub,37.49554,27.96006,-0.23432,-2.6402,12.41,CAISO
2026-07-17 08:45:00+00:00,2026-07-17 08:45:00+00:00,2026-07-17 08:50:00+00:00,REAL_TIME_5_MIN,.H.INTERNAL_HUB,HUB,30.82,30.38,0.1,0.34,,ISONE
2026-07-17 08:45:00+00:00,2026-07-17 08:45:00+00:00,2026-07-17 08:50:00+00:00,REAL_TIME_5_MIN,LOUISIANA.HUB,Hub,24.21,24.12,0.0,0.09,,MISO
2026-07-17 08:45:00+00:00,2026-07-17 08:45:00+00:00,2026-07-17 08:50:00+00:00,REAL_TIME_5_MIN,MINN.HUB,Hub,22.87,24.12,0.0,-1.25,,MISO
2026-07-17 08:50:00+00:00,2026-07-17 08:50:00+00:00,2026-07-17 08:55:00+00:00,REAL_TIME_5_MIN,TH_NP15_GEN-APND,Trading Hub,37.83569,28.32498,-0.23522,-2.66407,12.41,CAISO
2026-07-17 08:50:00+00:00,2026-07-17 08:50:00+00:00,2026-07-17 08:55:00+00:00,REAL_TIME_5_MIN,.H.INTERNAL_HUB,HUB,30.8,30.37,0.1,0.33,,ISONE
2026-07-17 08:50:00+00:00,2026-07-17 08:50:00+00:00,2026-07-17 08:55:00+00:00,REAL_TIME_5_MIN,LOUISIANA.HUB,Hub,24.27,24.16,0.0,0.11,,MISO
2026-07-17 08:50:00+00:00,2026-07-17 08:50:00+00:00,2026-07-17 08:55:00+00:00,REAL_TIME_5_MIN,MINN.HUB,Hub,22.91,24.16,0.0,-1.25,,MISO
2026-07-17 08:55:00+00:00,2026-07-17 08:55:00+00:00,2026-07-17 09:00:00+00:00,REAL_TIME_5_MIN,TH_NP15_GEN-APND,Trading Hub,37.79882,28.28542,-0.23512,-2.66148,12.41,CAISO
2026-07-17 08:55:00+00:00,2026-07-17 08:55:00+00:00,2026-07-17 09:00:00+00:00,REAL_TIME_5_MIN,.H.INTERNAL_HUB,HUB,31.36,30.92,0.1,0.34,,ISONE
2026-07-17 08:55:00+00:00,2026-07-17 08:55:00+00:00,2026-07-17 09:00:00+00:00,REAL_TIME_5_MIN,LOUISIANA.HUB,Hub,24.35,24.25,0.0,0.1,,MISO
2026-07-17 08:55:00+00:00,2026-07-17 08:55:00+00:00,2026-07-17 09:00:00+00:00,REAL_TIME_5_MIN,MINN.HUB,Hub,22.93,24.25,0.0,-1.32,,MISO
2026-07-17 09:00:00+00:00,2026-07-17 09:00:00+00:00,2026-07-17 09:05:00+00:00,REAL_TIME_5_MIN,TH_NP15_GEN-APND,Trading Hub,39.05043,29.29717,0.0,-2.65675,12.41,CAISO
2026-07-17 09:00:00+00:00,2026-07-17 09:00:00+00:00,2026-07-17 09:05:00+00:00,REAL_TIME_5_MIN,.H.INTERNAL_HUB,HUB,31.36,30.92,0.1,0.34,,ISONE
2026-07-17 09:00:00+00:00,2026-07-17 09:00:00+00:00,2026-07-17 09:05:00+00:00,REAL_TIME_5_MIN,LOUISIANA.HUB,Hub,23.88,23.84,0.0,0.04,,MISO
2026-07-17 09:00:00+00:00,2026-07-17 09:00:00+00:00,2026-07-17 09:05:00+00:00,REAL_TIME_5_MIN,MINN.HUB,Hub,22.64,23.84,0.0,-1.2,,MISO
2026-07-17 09:05:00+00:00,2026-07-17 09:05:00+00:00,2026-07-17 09:10:00+00:00,REAL_TIME_5_MIN,TH_NP15_GEN-APND,Trading Hub,39.14414,29.39726,0.0,-2.66312,12.41,CAISO
2026-07-17 09:05:00+00:00,2026-07-17 09:05:00+00:00,2026-07-17 09:10:00+00:00,REAL_TIME_5_MIN,.H.INTERNAL_HUB,HUB,29.18,28.77,0.1,0.31,,ISONE
2026-07-17 09:05:00+00:00,2026-07-17 09:05:00+00:00,2026-07-17 09:10:00+00:00,REAL_TIME_5_MIN,LOUISIANA.HUB,Hub,24.05,23.95,0.0,0.1,,MISO
2026-07-17 09:05:00+00:00,2026-07-17 09:05:00+00:00,2026-07-17 09:10:00+00:00,REAL_TIME_5_MIN,MINN.HUB,Hub,22.7,23.95,0.0,-1.25,,MISO
2026-07-17 09:10:00+00:00,2026-07-17 09:10:00+00:00,2026-07-17 09:15:00+00:00,REAL_TIME_5_MIN,TH_NP15_GEN-APND,Trading Hub,38.75307,29.23329,-0.23754,-2.65268,12.41,CAISO
2026-07-17 09:10:00+00:00,2026-07-17 09:10:00+00:00,2026-07-17 09:15:00+00:00,REAL_TIME_5_MIN,.H.INTERNAL_HUB,HUB,32.06,31.62,0.11,0.33,,ISONE
2026-07-17 09:10:00+00:00,2026-07-17 09:10:00+00:00,2026-07-17 09:15:00+00:00,REAL_TIME_5_MIN,LOUISIANA.HUB,Hub,24.46,24.35,0.0,0.11,,MISO
2026-07-17 09:10:00+00:00,2026-07-17 09:10:00+00:00,2026-07-17 09:15:00+00:00,REAL_TIME_5_MIN,MINN.HUB,Hub,23.09,24.35,0.0,-1.26,,MISO
2026-07-17 09:15:00+00:00,2026-07-17 09:15:00+00:00,2026-07-17 09:20:00+00:00,REAL_TIME_5_MIN,TH_NP15_GEN-APND,Trading Hub,41.85813,28.22,-0.24869,0.0,13.88682,CAISO
2026-07-17 09:15:00+00:00,2026-07-17 09:15:00+00:00,2026-07-17 09:20:00+00:00,REAL_TIME_5_MIN,.H.INTERNAL_HUB,HUB,33.56,33.1,0.11,0.35,,ISONE
2026-07-17 09:15:00+00:00,2026-07-17 09:15:00+00:00,2026-07-17 09:20:00+00:00,REAL_TIME_5_MIN,LOUISIANA.HUB,Hub,24.28,24.1,0.0,0.18,,MISO
2026-07-17 09:15:00+00:00,2026-07-17 09:15:00+00:00,2026-07-17 09:20:00+00:00,REAL_TIME_5_MIN,MINN.HUB,Hub,22.75,24.1,0.0,-1.35,,MISO
2026-07-17 09:20:00+00:00,2026-07-17 09:20:00+00:00,2026-07-17 09:25:00+00:00,REAL_TIME_5_MIN,TH_NP15_GEN-APND,Trading Hub,41.47366,27.50131,-0.24765,0.0,14.22,CAISO
2026-07-17 09:20:00+00:00,2026-07-17 09:20:00+00:00,2026-07-17 09:25:00+00:00,REAL_TIME_5_MIN,.H.INTERNAL_HUB,HUB,33.56,33.1,0.11,0.35,,ISONE
2026-07-17 09:20:00+00:00,2026-07-17 09:20:00+00:00,2026-07-17 09:25:00+00:00,REAL_TIME_5_MIN,LOUISIANA.HUB,Hub,23.94,23.85,0.0,0.09,,MISO
2026-07-17 09:20:00+00:00,2026-07-17 09:20:00+00:00,2026-07-17 09:25:00+00:00,REAL_TIME_5_MIN,MINN.HUB,Hub,22.49,23.85,0.0,-1.36,,MISO
2026-07-17 09:25:00+00:00,2026-07-17 09:25:00+00:00,2026-07-17 09:30:00+00:00,REAL_TIME_5_MIN,TH_NP15_GEN-APND,Trading Hub,41.7516,27.78,-0.2484,0.0,14.22,CAISO
2026-07-17 09:25:00+00:00,2026-07-17 09:25:00+00:00,2026-07-17 09:30:00+00:00,REAL_TIME_5_MIN,.H.INTERNAL_HUB,HUB,33.56,33.1,0.11,0.35,,ISONE
2026-07-17 09:25:00+00:00,2026-07-17 09:25:00+00:00,2026-07-17 09:30:00+00:00,REAL_TIME_5_MIN,LOUISIANA.HUB,Hub,23.76,23.66,0.0,0.1,,MISO
2026-07-17 09:25:00+00:00,2026-07-17 09:25:00+00:00,2026-07-17 09:30:00+00:00,REAL_TIME_5_MIN,MINN.HUB,Hub,22.37,23.66,0.0,-1.29,,MISO
2026-07-17 09:30:00+00:00,2026-07-17 09:30:00+00:00,2026-07-17 09:35:00+00:00,REAL_TIME_5_MIN,TH_NP15_GEN-APND,Trading Hub,37.6764,28.00278,-0.23478,-2.65289,12.56129,CAISO
2026-07-17 09:30:00+00:00,2026-07-17 09:30:00+00:00,2026-07-17 09:35:00+00:00,REAL_TIME_5_MIN,.H.INTERNAL_HUB,HUB,35.52,35.04,0.11,0.37,,ISONE
2026-07-17 09:30:00+00:00,2026-07-17 09:30:00+00:00,2026-07-17 09:35:00+00:00,REAL_TIME_5_MIN,LOUISIANA.HUB,Hub,23.84,23.75,0.0,0.09,,MISO
2026-07-17 09:30:00+00:00,2026-07-17 09:30:00+00:00,2026-07-17 09:35:00+00:00,REAL_TIME_5_MIN,MINN.HUB,Hub,22.53,23.75,0.0,-1.22,,MISO
2026-07-17 09:35:00+00:00,2026-07-17 09:35:00+00:00,2026-07-17 09:40:00+00:00,REAL_TIME_5_MIN,TH_NP15_GEN-APND,Trading Hub,37.57748,27.67702,0.0,-2.62954,12.53,CAISO
2026-07-17 09:35:00+00:00,2026-07-17 09:35:00+00:00,2026-07-17 09:40:00+00:00,REAL_TIME_5_MIN,.H.INTERNAL_HUB,HUB,37.48,36.99,0.11,0.38,,ISONE
2026-07-17 09:35:00+00:00,2026-07-17 09:35:00+00:00,2026-07-17 09:40:00+00:00,REAL_TIME_5_MIN,LOUISIANA.HUB,Hub,23.93,23.81,0.0,0.12,,MISO
2026-07-17 09:35:00+00:00,2026-07-17 09:35:00+00:00,2026-07-17 09:40:00+00:00,REAL_TIME_5_MIN,MINN.HUB,Hub,22.59,23.81,0.0,-1.22,,MISO
2026-07-17 09:40:00+00:00,2026-07-17 09:40:00+00:00,2026-07-17 09:45:00+00:00,REAL_TIME_5_MIN,TH_NP15_GEN-APND,Trading Hub,37.04521,27.19867,0.0,-2.59229,12.43884,CAISO
2026-07-17 09:40:00+00:00,2026-07-17 09:40:00+00:00,2026-07-17 09:45:00+00:00,REAL_TIME_5_MIN,.H.INTERNAL_HUB,HUB,37.48,36.99,0.11,0.38,,ISONE
2026-07-17 09:40:00+00:00,2026-07-17 09:40:00+00:00,2026-07-17 09:45:00+00:00,REAL_TIME_5_MIN,LOUISIANA.HUB,Hub,24.06,23.97,0.0,0.09,,MISO
2026-07-17 09:40:00+00:00,2026-07-17 09:40:00+00:00,2026-07-17 09:45:00+00:00,REAL_TIME_5_MIN,MINN.HUB,Hub,22.76,23.97,0.0,-1.21,,MISO
2026-07-17 09:45:00+00:00,2026-07-17 09:45:00+00:00,2026-07-17 09:50:00+00:00,REAL_TIME_5_MIN,TH_NP15_GEN-APND,Trading Hub,37.20886,27.54104,-0.23352,-2.62866,12.53,CAISO
2026-07-17 09:45:00+00:00,2026-07-17 09:45:00+00:00,2026-07-17 09:50:00+00:00,REAL_TIME_5_MIN,.H.INTERNAL_HUB,HUB,37.48,36.99,0.11,0.38,,ISONE
2026-07-17 09:45:00+00:00,2026-07-17 09:45:00+00:00,2026-07-17 09:50:00+00:00,REAL_TIME_5_MIN,LOUISIANA.HUB,Hub,24.6,24.47,0.0,0.13,,MISO
2026-07-17 09:45:00+00:00,2026-07-17 09:45:00+00:00,2026-07-17 09:50:00+00:00,REAL_TIME_5_MIN,MINN.HUB,Hub,23.05,24.47,0.0,-1.42,,MISO
2026-07-17 09:50:00+00:00,2026-07-17 09:50:00+00:00,2026-07-17 09:55:00+00:00,REAL_TIME_5_MIN,TH_NP15_GEN-APND,Trading Hub,37.38869,27.48358,0.0,-2.62489,12.53,CAISO
2026-07-17 09:50:00+00:00,2026-07-17 09:50:00+00:00,2026-07-17 09:55:00+00:00,REAL_TIME_5_MIN,.H.INTERNAL_HUB,HUB,37.54,37.05,0.1,0.39,,ISONE
2026-07-17 09:50:00+00:00,2026-07-17 09:50:00+00:00,2026-07-17 09:55:00+00:00,REAL_TIME_5_MIN,LOUISIANA.HUB,Hub,24.53,24.39,0.0,0.14,,MISO
2026-07-17 09:50:00+00:00,2026-07-17 09:50:00+00:00,2026-07-17 09:55:00+00:00,REAL_TIME_5_MIN,MINN.HUB,Hub,22.96,24.39,0.0,-1.43,,MISO
2026-07-17 09:55:00+00:00,2026-07-17 09:55:00+00:00,2026-07-17 10:00:00+00:00,REAL_TIME_5_MIN,TH_NP15_GEN-APND,Trading Hub,37.00247,27.19024,0.0,-2.59778,12.41,CAISO
2026-07-17 09:55:00+00:00,2026-07-17 09:55:00+00:00,2026-07-17 10:00:00+00:00,REAL_TIME_5_MIN,.H.INTERNAL_HUB,HUB,42.04,41.6,0.0,0.44,,ISONE
2026-07-17 09:55:00+00:00,2026-07-17 09:55:00+00:00,2026-07-17 10:00:00+00:00,REAL_TIME_5_MIN,LOUISIANA.HUB,Hub,24.53,24.450000000000003,0.0,0.08,,MISO
2026-07-17 09:55:00+00:00,2026-07-17 09:55:00+00:00,2026-07-17 10:00:00+00:00,REAL_TIME_5_MIN,MINN.HUB,Hub,23.04,24.45,0.0,-1.41,,MISO
2026-07-17 10:00:00+00:00,2026-07-17 10:00:00+00:00,2026-07-17 10:05:00+00:00,REAL_TIME_5_MIN,TH_NP15_GEN-APND,Trading Hub,38.00168,28.43318,-0.2357,-2.6058,12.41,CAISO
2026-07-17 10:00:00+00:00,2026-07-17 10:00:00+00:00,2026-07-17 10:05:00+00:00,REAL_TIME_5_MIN,.H.INTERNAL_HUB,HUB,42.04,41.6,0.0,0.44,,ISONE
2026-07-17 10:00:00+00:00,2026-07-17 10:00:00+00:00,2026-07-17 10:05:00+00:00,REAL_TIME_5_MIN,LOUISIANA.HUB,Hub,22.86,22.76,0.0,0.1,,MISO
2026-07-17 10:00:00+00:00,2026-07-17 10:00:00+00:00,2026-07-17 10:05:00+00:00,REAL_TIME_5_MIN,MINN.HUB,Hub,21.45,22.76,0.0,-1.31,,MISO
2026-07-17 10:05:00+00:00,2026-07-17 10:05:00+00:00,2026-07-17 10:10:00+00:00,REAL_TIME_5_MIN,TH_NP15_GEN-APND,Trading Hub,38.29959,28.95539,-0.23649,-2.62615,12.20684,CAISO
2026-07-17 10:05:00+00:00,2026-07-17 10:05:00+00:00,2026-07-17 10:10:00+00:00,REAL_TIME_5_MIN,.H.INTERNAL_HUB,HUB,29.26,28.87,0.09,0.3,,ISONE
2026-07-17 10:05:00+00:00,2026-07-17 10:05:00+00:00,2026-07-17 10:10:00+00:00,REAL_TIME_5_MIN,LOUISIANA.HUB,Hub,23.61,23.52,0.0,0.09,,MISO
2026-07-17 10:05:00+00:00,2026-07-17 10:05:00+00:00,2026-07-17 10:10:00+00:00,REAL_TIME_5_MIN,MINN.HUB,Hub,22.21,23.52,0.0,-1.31,,MISO
2026-07-17 10:10:00+00:00,2026-07-17 10:10:00+00:00,2026-07-17 10:15:00+00:00,REAL_TIME_5_MIN,TH_NP15_GEN-APND,Trading Hub,38.18384,28.97827,-0.23619,-2.61824,12.06,CAISO
2026-07-17 10:10:00+00:00,2026-07-17 10:10:00+00:00,2026-07-17 10:15:00+00:00,REAL_TIME_5_MIN,.H.INTERNAL_HUB,HUB,29.26,28.87,0.09,0.3,,ISONE
2026-07-17 10:10:00+00:00,2026-07-17 10:10:00+00:00,2026-07-17 10:15:00+00:00,REAL_TIME_5_MIN,LOUISIANA.HUB,Hub,24.22,24.04,0.0,0.18,,MISO
2026-07-17 10:10:00+00:00,2026-07-17 10:10:00+00:00,2026-07-17 10:15:00+00:00,REAL_TIME_5_MIN,MINN.HUB,Hub,22.79,24.04,0.0,-1.25,,MISO
2026-07-17 10:15:00+00:00,2026-07-17 10:15:00+00:00,2026-07-17 10:20:00+00:00,REAL_TIME_5_MIN,TH_NP15_GEN-APND,Trading Hub,38.0902,29.22306,-0.23589,-2.65123,11.75427,CAISO
2026-07-17 10:15:00+00:00,2026-07-17 10:15:00+00:00,2026-07-17 10:20:00+00:00,REAL_TIME_5_MIN,.H.INTERNAL_HUB,HUB,32.16,31.84,0.0,0.32,,ISONE
2026-07-17 10:15:00+00:00,2026-07-17 10:15:00+00:00,2026-07-17 10:20:00+00:00,REAL_TIME_5_MIN,LOUISIANA.HUB,Hub,24.65,24.48,0.0,0.17,,MISO
2026-07-17 10:15:00+00:00,2026-07-17 10:15:00+00:00,2026-07-17 10:20:00+00:00,REAL_TIME_5_MIN,MINN.HUB,Hub,23.05,24.48,0.0,-1.43,,MISO
2026-07-17 10:20:00+00:00,2026-07-17 10:20:00+00:00,2026-07-17 10:25:00+00:00,REAL_TIME_5_MIN,TH_NP15_GEN-APND,Trading Hub,38.02514,28.60106,0.0,-2.63041,12.0545,CAISO
2026-07-17 10:20:00+00:00,2026-07-17 10:20:00+00:00,2026-07-17 10:25:00+00:00,REAL_TIME_5_MIN,.H.INTERNAL_HUB,HUB,32.16,31.84,0.0,0.32,,ISONE
2026-07-17 10:20:00+00:00,2026-07-17 10:20:00+00:00,2026-07-17 10:25:00+00:00,REAL_TIME_5_MIN,LOUISIANA.HUB,Hub,24.59,24.5,-0.03,0.12,,MISO
2026-07-17 10:20:00+00:00,2026-07-17 10:20:00+00:00,2026-07-17 10:25:00+00:00,REAL_TIME_5_MIN,MINN.HUB,Hub,23.1,24.5,0.0,-1.4,,MISO
2026-07-17 10:25:00+00:00,2026-07-17 10:25:00+00:00,2026-07-17 10:30:00+00:00,REAL_TIME_5_MIN,TH_NP15_GEN-APND,Trading Hub,37.73856,28.87915,0.0,-2.61059,11.47,CAISO
2026-07-17 10:25:00+00:00,2026-07-17 10:25:00+00:00,2026-07-17 10:30:00+00:00,REAL_TIME_5_MIN,.H.INTERNAL_HUB,HUB,33.48,33.14,0.0,0.34,,ISONE
2026-07-17 10:25:00+00:00,2026-07-17 10:25:00+00:00,2026-07-17 10:30:00+00:00,REAL_TIME_5_MIN,LOUISIANA.HUB,Hub,24.52,24.47,0.0,0.05,,MISO
2026-07-17 10:25:00+00:00,2026-07-17 10:25:00+00:00,2026-07-17 10:30:00+00:00,REAL_TIME_5_MIN,MINN.HUB,Hub,23.16,24.47,0.0,-1.31,,MISO
2026-07-17 10:30:00+00:00,2026-07-17 10:30:00+00:00,2026-07-17 10:35:00+00:00,REAL_TIME_5_MIN,TH_NP15_GEN-APND,Trading Hub,37.56321,28.95509,-0.23452,-2.54567,11.3883,CAISO
2026-07-17 10:30:00+00:00,2026-07-17 10:30:00+00:00,2026-07-17 10:35:00+00:00,REAL_TIME_5_MIN,.H.INTERNAL_HUB,HUB,34.11,33.78,0.0,0.33,,ISONE
2026-07-17 10:30:00+00:00,2026-07-17 10:30:00+00:00,2026-07-17 10:35:00+00:00,REAL_TIME_5_MIN,LOUISIANA.HUB,Hub,24.45,24.41,0.0,0.04,,MISO
2026-07-17 10:30:00+00:00,2026-07-17 10:30:00+00:00,2026-07-17 10:35:00+00:00,REAL_TIME_5_MIN,MINN.HUB,Hub,23.19,24.41,0.0,-1.22,,MISO
2026-07-17 10:35:00+00:00,2026-07-17 10:35:00+00:00,2026-07-17 10:40:00+00:00,REAL_TIME_5_MIN,TH_NP15_GEN-APND,Trading Hub,37.90764,28.99071,0.0,-2.55307,11.47,CAISO
2026-07-17 10:35:00+00:00,2026-07-17 10:35:00+00:00,2026-07-17 10:40:00+00:00,REAL_TIME_5_MIN,.H.INTERNAL_HUB,HUB,33.78,33.45,0.0,0.33,,ISONE
2026-07-17 10:35:00+00:00,2026-07-17 10:35:00+00:00,2026-07-17 10:40:00+00:00,REAL_TIME_5_MIN,LOUISIANA.HUB,Hub,24.52,24.46,0.0,0.06,,MISO
2026-07-17 10:35:00+00:00,2026-07-17 10:35:00+00:00,2026-07-17 10:40:00+00:00,REAL_TIME_5_MIN,MINN.HUB,Hub,23.3,24.46,0.0,-1.16,,MISO
2026-07-17 10:40:00+00:00,2026-07-17 10:40:00+00:00,2026-07-17 10:45:00+00:00,REAL_TIME_5_MIN,TH_NP15_GEN-APND,Trading Hub,37.82291,28.83302,0.0,-2.54736,11.53725,CAISO
2026-07-17 10:40:00+00:00,2026-07-17 10:40:00+00:00,2026-07-17 10:45:00+00:00,REAL_TIME_5_MIN,.H.INTERNAL_HUB,HUB,33.78,33.45,0.0,0.33,,ISONE
2026-07-17 10:40:00+00:00,2026-07-17 10:40:00+00:00,2026-07-17 10:45:00+00:00,REAL_TIME_5_MIN,LOUISIANA.HUB,Hub,24.66,24.62,0.0,0.04,,MISO
2026-07-17 10:40:00+00:00,2026-07-17 10:40:00+00:00,2026-07-17 10:45:00+00:00,REAL_TIME_5_MIN,MINN.HUB,Hub,23.42,24.62,0.0,-1.2,,MISO
2026-07-17 10:45:00+00:00,2026-07-17 10:45:00+00:00,2026-07-17 10:50:00+00:00,REAL_TIME_5_MIN,TH_NP15_GEN-APND,Trading Hub,37.92776,28.84716,-0.23548,-2.49218,11.80826,CAISO
2026-07-17 10:45:00+00:00,2026-07-17 10:45:00+00:00,2026-07-17 10:50:00+00:00,REAL_TIME_5_MIN,.H.INTERNAL_HUB,HUB,32.88,32.56,0.0,0.32,,ISONE
2026-07-17 10:45:00+00:00,2026-07-17 10:45:00+00:00,2026-07-17 10:50:00+00:00,REAL_TIME_5_MIN,LOUISIANA.HUB,Hub,24.71,25.96,-1.28,0.03,,MISO
2026-07-17 10:45:00+00:00,2026-07-17 10:45:00+00:00,2026-07-17 10:50:00+00:00,REAL_TIME_5_MIN,MINN.HUB,Hub,24.72,25.96,0.0,-1.24,,MISO
2026-07-17 10:50:00+00:00,2026-07-17 10:50:00+00:00,2026-07-17 10:55:00+00:00,REAL_TIME_5_MIN,TH_NP15_GEN-APND,Trading Hub,38.32919,29.1842,-0.23654,-2.51846,11.9,CAISO
2026-07-17 10:50:00+00:00,2026-07-17 10:50:00+00:00,2026-07-17 10:55:00+00:00,REAL_TIME_5_MIN,.H.INTERNAL_HUB,HUB,31.87,31.56,0.0,0.31,,ISONE
2026-07-17 10:50:00+00:00,2026-07-17 10:50:00+00:00,2026-07-17 10:55:00+00:00,REAL_TIME_5_MIN,LOUISIANA.HUB,Hub,24.7,26.7,-1.96,-0.04,,MISO
2026-07-17 10:50:00+00:00,2026-07-17 10:50:00+00:00,2026-07-17 10:55:00+00:00,REAL_TIME_5_MIN,MINN.HUB,Hub,25.52,26.7,0.0,-1.18,,MISO
2026-07-17 10:55:00+00:00,2026-07-17 10:55:00+00:00,2026-07-17 11:00:00+00:00,REAL_TIME_5_MIN,TH_NP15_GEN-APND,Trading Hub,38.60946,29.32355,-0.23728,-2.53681,12.06,CAISO
2026-07-17 10:55:00+00:00,2026-07-17 10:55:00+00:00,2026-07-17 11:00:00+00:00,REAL_TIME_5_MIN,.H.INTERNAL_HUB,HUB,32.75,32.43,0.0,0.32,,ISONE
2026-07-17 10:55:00+00:00,2026-07-17 10:55:00+00:00,2026-07-17 11:00:00+00:00,REAL_TIME_5_MIN,LOUISIANA.HUB,Hub,24.74,26.6,-1.83,-0.03,,MISO
2026-07-17 10:55:00+00:00,2026-07-17 10:55:00+00:00,2026-07-17 11:00:00+00:00,REAL_TIME_5_MIN,MINN.HUB,Hub,25.38,26.6,0.0,-1.22,,MISO
2026-07-17 11:00:00+00:00,2026-07-17 11:00:00+00:00,2026-07-17 11:05:00+00:00,REAL_TIME_5_MIN,TH_NP15_GEN-APND,Trading Hub,37.54629,30.16949,-0.23447,-2.62215,10.23342,CAISO
2026-07-17 11:00:00+00:00,2026-07-17 11:00:00+00:00,2026-07-17 11:05:00+00:00,REAL_TIME_5_MIN,.H.INTERNAL_HUB,HUB,32.75,32.43,0.0,0.32,,ISONE
2026-07-17 11:00:00+00:00,2026-07-17 11:00:00+00:00,2026-07-17 11:05:00+00:00,REAL_TIME_5_MIN,LOUISIANA.HUB,Hub,24.83,31.08,-6.23,-0.02,,MISO
2026-07-17 11:00:00+00:00,2026-07-17 11:00:00+00:00,2026-07-17 11:05:00+00:00,REAL_TIME_5_MIN,MINN.HUB,Hub,29.76,31.08,0.0,-1.32,,MISO
2026-07-17 11:05:00+00:00,2026-07-17 11:05:00+00:00,2026-07-17 11:10:00+00:00,REAL_TIME_5_MIN,TH_NP15_GEN-APND,Trading Hub,37.72264,29.35038,0.0,-2.61811,10.99038,CAISO
2026-07-17 11:05:00+00:00,2026-07-17 11:05:00+00:00,2026-07-17 11:10:00+00:00,REAL_TIME_5_MIN,.H.INTERNAL_HUB,HUB,32.69,32.37,0.0,0.32,,ISONE
2026-07-17 11:05:00+00:00,2026-07-17 11:05:00+00:00,2026-07-17 11:10:00+00:00,REAL_TIME_5_MIN,LOUISIANA.HUB,Hub,25.01,31.700000000000003,-6.73,0.04,,MISO
2026-07-17 11:05:00+00:00,2026-07-17 11:05:00+00:00,2026-07-17 11:10:00+00:00,REAL_TIME_5_MIN,MINN.HUB,Hub,30.25,31.7,0.0,-1.45,,MISO
2026-07-17 11:10:00+00:00,2026-07-17 11:10:00+00:00,2026-07-17 11:15:00+00:00,REAL_TIME_5_MIN,TH_NP15_GEN-APND,Trading Hub,37.67709,29.0642,0.0,-2.61495,11.22784,CAISO
2026-07-17 11:10:00+00:00,2026-07-17 11:10:00+00:00,2026-07-17 11:15:00+00:00,REAL_TIME_5_MIN,.H.INTERNAL_HUB,HUB,31.41,31.11,0.0,0.3,,ISONE
2026-07-17 11:10:00+00:00,2026-07-17 11:10:00+00:00,2026-07-17 11:15:00+00:00,REAL_TIME_5_MIN,LOUISIANA.HUB,Hub,25.04,29.9,-4.94,0.08,,MISO
2026-07-17 11:10:00+00:00,2026-07-17 11:10:00+00:00,2026-07-17 11:15:00+00:00,REAL_TIME_5_MIN,MINN.HUB,Hub,28.52,29.9,0.0,-1.38,,MISO
2026-07-17 11:15:00+00:00,2026-07-17 11:15:00+00:00,2026-07-17 11:20:00+00:00,REAL_TIME_5_MIN,TH_NP15_GEN-APND,Trading Hub,37.49409,30.32143,-0.2343,-2.62283,10.02978,CAISO
2026-07-17 11:15:00+00:00,2026-07-17 11:15:00+00:00,2026-07-17 11:20:00+00:00,REAL_TIME_5_MIN,.H.INTERNAL_HUB,HUB,33.34,33.03,0.0,0.31,,ISONE
2026-07-17 11:15:00+00:00,2026-07-17 11:15:00+00:00,2026-07-17 11:20:00+00:00,REAL_TIME_5_MIN,LOUISIANA.HUB,Hub,24.88,29.22,-4.32,-0.02,,MISO
2026-07-17 11:15:00+00:00,2026-07-17 11:15:00+00:00,2026-07-17 11:20:00+00:00,REAL_TIME_5_MIN,MINN.HUB,Hub,27.96,29.22,0.0,-1.26,,MISO
2026-07-17 11:20:00+00:00,2026-07-17 11:20:00+00:00,2026-07-17 11:25:00+00:00,REAL_TIME_5_MIN,TH_NP15_GEN-APND,Trading Hub,37.96077,29.22975,0.0,-2.63898,11.37,CAISO
2026-07-17 11:20:00+00:00,2026-07-17 11:20:00+00:00,2026-07-17 11:25:00+00:00,REAL_TIME_5_MIN,.H.INTERNAL_HUB,HUB,33.34,33.02,0.0,0.32,,ISONE
2026-07-17 11:20:00+00:00,2026-07-17 11:20:00+00:00,2026-07-17 11:25:00+00:00,REAL_TIME_5_MIN,LOUISIANA.HUB,Hub,24.89,28.13,-3.15,-0.09,,MISO
2026-07-17 11:20:00+00:00,2026-07-17 11:20:00+00:00,2026-07-17 11:25:00+00:00,REAL_TIME_5_MIN,MINN.HUB,Hub,26.97,28.13,0.0,-1.16,,MISO
2026-07-17 11:25:00+00:00,2026-07-17 11:25:00+00:00,2026-07-17 11:30:00+00:00,REAL_TIME_5_MIN,TH_NP15_GEN-APND,Trading Hub,38.15942,29.42884,0.0,-2.65279,11.38338,CAISO
2026-07-17 11:25:00+00:00,2026-07-17 11:25:00+00:00,2026-07-17 11:30:00+00:00,REAL_TIME_5_MIN,.H.INTERNAL_HUB,HUB,31.47,31.18,0.0,0.29,,ISONE
2026-07-17 11:25:00+00:00,2026-07-17 11:25:00+00:00,2026-07-17 11:30:00+00:00,REAL_TIME_5_MIN,LOUISIANA.HUB,Hub,24.76,26.33,-1.5,-0.07,,MISO
2026-07-17 11:25:00+00:00,2026-07-17 11:25:00+00:00,2026-07-17 11:30:00+00:00,REAL_TIME_5_MIN,MINN.HUB,Hub,25.29,26.33,0.0,-1.04,,MISO
2026-07-17 11:30:00+00:00,2026-07-17 11:30:00+00:00,2026-07-17 11:35:00+00:00,REAL_TIME_5_MIN,TH_NP15_GEN-APND,Trading Hub,38.18403,29.83409,-0.23624,-2.70612,11.29229,CAISO
2026-07-17 11:30:00+00:00,2026-07-17 11:30:00+00:00,2026-07-17 11:35:00+00:00,REAL_TIME_5_MIN,.H.INTERNAL_HUB,HUB,30.91,30.62,0.0,0.29,,ISONE
2026-07-17 11:30:00+00:00,2026-07-17 11:30:00+00:00,2026-07-17 11:35:00+00:00,REAL_TIME_5_MIN,LOUISIANA.HUB,Hub,24.77,27.77,-2.93,-0.07,,MISO
2026-07-17 11:30:00+00:00,2026-07-17 11:30:00+00:00,2026-07-17 11:35:00+00:00,REAL_TIME_5_MIN,MINN.HUB,Hub,26.71,27.77,0.0,-1.06,,MISO
2026-07-17 11:35:00+00:00,2026-07-17 11:35:00+00:00,2026-07-17 11:40:00+00:00,REAL_TIME_5_MIN,TH_NP15_GEN-APND,Trading Hub,38.15243,29.83409,-0.23615,-2.70388,11.25838,CAISO
2026-07-17 11:35:00+00:00,2026-07-17 11:35:00+00:00,2026-07-17 11:40:00+00:00,REAL_TIME_5_MIN,.H.INTERNAL_HUB,HUB,32.79,32.48,0.0,0.31,,ISONE
2026-07-17 11:35:00+00:00,2026-07-17 11:35:00+00:00,2026-07-17 11:40:00+00:00,REAL_TIME_5_MIN,LOUISIANA.HUB,Hub,24.68,27.7,-2.89,-0.13,,MISO
2026-07-17 11:35:00+00:00,2026-07-17 11:35:00+00:00,2026-07-17 11:40:00+00:00,REAL_TIME_5_MIN,MINN.HUB,Hub,26.58,27.7,0.0,-1.12,,MISO
2026-07-17 11:40:00+00:00,2026-07-17 11:40:00+00:00,2026-07-17 11:45:00+00:00,REAL_TIME_5_MIN,TH_NP15_GEN-APND,Trading Hub,38.13277,30.154,-0.2361,-2.7025,10.91736,CAISO
2026-07-17 11:40:00+00:00,2026-07-17 11:40:00+00:00,2026-07-17 11:45:00+00:00,REAL_TIME_5_MIN,.H.INTERNAL_HUB,HUB,32.79,32.48,0.0,0.31,,ISONE
2026-07-17 11:40:00+00:00,2026-07-17 11:40:00+00:00,2026-07-17 11:45:00+00:00,REAL_TIME_5_MIN,LOUISIANA.HUB,Hub,24.56,27.73,-3.0,-0.17,,MISO
2026-07-17 11:40:00+00:00,2026-07-17 11:40:00+00:00,2026-07-17 11:45:00+00:00,REAL_TIME_5_MIN,MINN.HUB,Hub,26.78,27.73,0.0,-0.95,,MISO
2026-07-17 11:45:00+00:00,2026-07-17 11:45:00+00:00,2026-07-17 11:50:00+00:00,REAL_TIME_5_MIN,TH_NP15_GEN-APND,Trading Hub,38.3703,30.34396,-0.23668,-2.60897,10.87198,CAISO
2026-07-17 11:45:00+00:00,2026-07-17 11:45:00+00:00,2026-07-17 11:50:00+00:00,REAL_TIME_5_MIN,.H.INTERNAL_HUB,HUB,31.4,31.12,0.0,0.28,,ISONE
2026-07-17 11:45:00+00:00,2026-07-17 11:45:00+00:00,2026-07-17 11:50:00+00:00,REAL_TIME_5_MIN,LOUISIANA.HUB,Hub,24.44,27.93,-3.29,-0.2,,MISO
2026-07-17 11:45:00+00:00,2026-07-17 11:45:00+00:00,2026-07-17 11:50:00+00:00,REAL_TIME_5_MIN,MINN.HUB,Hub,27.06,27.93,0.0,-0.87,,MISO
2026-07-17 11:50:00+00:00,2026-07-17 11:50:00+00:00,2026-07-17 11:55:00+00:00,REAL_TIME_5_MIN,TH_NP15_GEN-APND,Trading Hub,38.96948,30.48731,-0.23826,-2.64957,11.37,CAISO
2026-07-17 11:50:00+00:00,2026-07-17 11:50:00+00:00,2026-07-17 11:55:00+00:00,REAL_TIME_5_MIN,.H.INTERNAL_HUB,HUB,32.29,31.99,0.0,0.3,,ISONE
2026-07-17 11:50:00+00:00,2026-07-17 11:50:00+00:00,2026-07-17 11:55:00+00:00,REAL_TIME_5_MIN,LOUISIANA.HUB,Hub,24.25,27.18,-2.73,-0.2,,MISO
2026-07-17 11:50:00+00:00,2026-07-17 11:50:00+00:00,2026-07-17 11:55:00+00:00,REAL_TIME_5_MIN,MINN.HUB,Hub,26.38,27.18,0.0,-0.8,,MISO
2026-07-17 11:55:00+00:00,2026-07-17 11:55:00+00:00,2026-07-17 12:00:00+00:00,REAL_TIME_5_MIN,TH_NP15_GEN-APND,Trading Hub,38.82973,29.98375,0.0,-2.62402,11.47,CAISO
2026-07-17 11:55:00+00:00,2026-07-17 11:55:00+00:00,2026-07-17 12:00:00+00:00,REAL_TIME_5_MIN,.H.INTERNAL_HUB,HUB,31.4,31.11,0.0,0.29,,ISONE
2026-07-17 11:55:00+00:00,2026-07-17 11:55:00+00:00,2026-07-17 12:00:00+00:00,REAL_TIME_5_MIN,LOUISIANA.HUB,Hub,23.84,25.33,-1.34,-0.15,,MISO
2026-07-17 11:55:00+00:00,2026-07-17 11:55:00+00:00,2026-07-17 12:00:00+00:00,REAL_TIME_5_MIN,MINN.HUB,Hub,24.65,25.33,0.0,-0.68,,MISO
2026-07-17 12:00:00+00:00,2026-07-17 12:00:00+00:00,2026-07-17 12:05:00+00:00,REAL_TIME_5_MIN,TH_NP15_GEN-APND,Trading Hub,38.26306,30.0621,-0.00483,-2.66471,10.87051,CAISO
2026-07-17 12:00:00+00:00,2026-07-17 12:00:00+00:00,2026-07-17 12:05:00+00:00,REAL_TIME_5_MIN,.H.INTERNAL_HUB,HUB,31.4,31.11,0.0,0.29,,ISONE
2026-07-17 12:00:00+00:00,2026-07-17 12:00:00+00:00,2026-07-17 12:05:00+00:00,REAL_TIME_5_MIN,LOUISIANA.HUB,Hub,23.88,26.16,-2.12,-0.16,,MISO
2026-07-17 12:00:00+00:00,2026-07-17 12:00:00+00:00,2026-07-17 12:05:00+00:00,REAL_TIME_5_MIN,MINN.HUB,Hub,25.4,26.16,0.0,-0.76,,MISO
2026-07-17 12:05:00+00:00,2026-07-17 12:05:00+00:00,2026-07-17 12:10:00+00:00,REAL_TIME_5_MIN,TH_NP15_GEN-APND,Trading Hub,36.88954,29.5903,-0.40383,-2.59685,10.29992,CAISO
2026-07-17 12:05:00+00:00,2026-07-17 12:05:00+00:00,2026-07-17 12:10:00+00:00,REAL_TIME_5_MIN,.H.INTERNAL_HUB,HUB,35.26,34.86,0.08,0.32,,ISONE
2026-07-17 12:05:00+00:00,2026-07-17 12:05:00+00:00,2026-07-17 12:10:00+00:00,REAL_TIME_5_MIN,LOUISIANA.HUB,Hub,24.06,27.3,-3.14,-0.1,,MISO
2026-07-17 12:05:00+00:00,2026-07-17 12:05:00+00:00,2026-07-17 12:10:00+00:00,REAL_TIME_5_MIN,MINN.HUB,Hub,26.66,27.3,-0.02,-0.62,,MISO
2026-07-17 12:10:00+00:00,2026-07-17 12:10:00+00:00,2026-07-17 12:15:00+00:00,REAL_TIME_5_MIN,TH_NP15_GEN-APND,Trading Hub,38.2515,29.96696,-0.23967,-2.68026,11.20447,CAISO
2026-07-17 12:10:00+00:00,2026-07-17 12:10:00+00:00,2026-07-17 12:15:00+00:00,REAL_TIME_5_MIN,.H.INTERNAL_HUB,HUB,35.26,34.86,0.08,0.32,,ISONE
2026-07-17 12:10:00+00:00,2026-07-17 12:10:00+00:00,2026-07-17 12:15:00+00:00,REAL_TIME_5_MIN,LOUISIANA.HUB,Hub,24.0,26.95,-2.84,-0.11,,MISO
2026-07-17 12:10:00+00:00,2026-07-17 12:10:00+00:00,2026-07-17 12:15:00+00:00,REAL_TIME_5_MIN,MINN.HUB,Hub,26.27,26.95,-0.1,-0.58,,MISO
2026-07-17 12:15:00+00:00,2026-07-17 12:15:00+00:00,2026-07-17 12:20:00+00:00,REAL_TIME_5_MIN,TH_NP15_GEN-APND,Trading Hub,38.94895,31.39777,-0.23829,-2.65265,10.44212,CAISO
2026-07-17 12:15:00+00:00,2026-07-17 12:15:00+00:00,2026-07-17 12:20:00+00:00,REAL_TIME_5_MIN,.H.INTERNAL_HUB,HUB,34.48,34.18,0.0,0.3,,ISONE
2026-07-17 12:15:00+00:00,2026-07-17 12:15:00+00:00,2026-07-17 12:20:00+00:00,REAL_TIME_5_MIN,LOUISIANA.HUB,Hub,24.06,26.64,-2.48,-0.1,,MISO
2026-07-17 12:15:00+00:00,2026-07-17 12:15:00+00:00,2026-07-17 12:20:00+00:00,REAL_TIME_5_MIN,MINN.HUB,Hub,25.98,26.64,-0.1,-0.56,,MISO
2026-07-17 12:20:00+00:00,2026-07-17 12:20:00+00:00,2026-07-17 12:25:00+00:00,REAL_TIME_5_MIN,TH_NP15_GEN-APND,Trading Hub,39.02848,30.45479,-0.23828,-2.65803,11.47,CAISO
2026-07-17 12:20:00+00:00,2026-07-17 12:20:00+00:00,2026-07-17 12:25:00+00:00,REAL_TIME_5_MIN,.H.INTERNAL_HUB,HUB,34.45,34.16,0.0,0.29,,ISONE
2026-07-17 12:20:00+00:00,2026-07-17 12:20:00+00:00,2026-07-17 12:25:00+00:00,REAL_TIME_5_MIN,LOUISIANA.HUB,Hub,23.99,26.56,-2.41,-0.16,,MISO
2026-07-17 12:20:00+00:00,2026-07-17 12:20:00+00:00,2026-07-17 12:25:00+00:00,REAL_TIME_5_MIN,MINN.HUB,Hub,26.07,26.56,-0.03,-0.46,,MISO
2026-07-17 12:25:00+00:00,2026-07-17 12:25:00+00:00,2026-07-17 12:30:00+00:00,REAL_TIME_5_MIN,TH_NP15_GEN-APND,Trading Hub,38.94321,30.06678,-0.24149,-2.65248,11.7704,CAISO
2026-07-17 12:25:00+00:00,2026-07-17 12:25:00+00:00,2026-07-17 12:30:00+00:00,REAL_TIME_5_MIN,.H.INTERNAL_HUB,HUB,34.45,34.16,0.0,0.29,,ISONE
2026-07-17 12:25:00+00:00,2026-07-17 12:25:00+00:00,2026-07-17 12:30:00+00:00,REAL_TIME_5_MIN,LOUISIANA.HUB,Hub,23.96,25.95,-1.84,-0.15,,MISO
2026-07-17 12:25:00+00:00,2026-07-17 12:25:00+00:00,2026-07-17 12:30:00+00:00,REAL_TIME_5_MIN,MINN.HUB,Hub,25.59,25.95,-0.03,-0.33,,MISO
2026-07-17 12:30:00+00:00,2026-07-17 12:30:00+00:00,2026-07-17 12:35:00+00:00,REAL_TIME_5_MIN,TH_NP15_GEN-APND,Trading Hub,39.08613,30.13762,-0.23642,-2.66629,11.85122,CAISO
2026-07-17 12:30:00+00:00,2026-07-17 12:30:00+00:00,2026-07-17 12:35:00+00:00,REAL_TIME_5_MIN,.H.INTERNAL_HUB,HUB,32.98,32.72,0.0,0.26,,ISONE
2026-07-17 12:30:00+00:00,2026-07-17 12:30:00+00:00,2026-07-17 12:35:00+00:00,REAL_TIME_5_MIN,LOUISIANA.HUB,Hub,23.57,24.49,-0.67,-0.25,,MISO
2026-07-17 12:30:00+00:00,2026-07-17 12:30:00+00:00,2026-07-17 12:35:00+00:00,REAL_TIME_5_MIN,MINN.HUB,Hub,24.29,24.49,-0.01,-0.19,,MISO
2026-07-17 12:35:00+00:00,2026-07-17 12:35:00+00:00,2026-07-17 12:40:00+00:00,REAL_TIME_5_MIN,TH_NP15_GEN-APND,Trading Hub,39.08424,29.88958,-0.23832,-2.66629,12.09926,CAISO
2026-07-17 12:35:00+00:00,2026-07-17 12:35:00+00:00,2026-07-17 12:40:00+00:00,REAL_TIME_5_MIN,.H.INTERNAL_HUB,HUB,32.98,32.72,0.0,0.26,,ISONE
2026-07-17 12:35:00+00:00,2026-07-17 12:35:00+00:00,2026-07-17 12:40:00+00:00,REAL_TIME_5_MIN,LOUISIANA.HUB,Hub,22.89,23.15,-0.01,-0.25,,MISO
2026-07-17 12:35:00+00:00,2026-07-17 12:35:00+00:00,2026-07-17 12:40:00+00:00,REAL_TIME_5_MIN,MINN.HUB,Hub,23.11,23.15,0.0,-0.04,,MISO
2026-07-17 12:40:00+00:00,2026-07-17 12:40:00+00:00,2026-07-17 12:45:00+00:00,REAL_TIME_5_MIN,TH_NP15_GEN-APND,Trading Hub,39.08406,29.80682,-0.2385,-2.66629,12.18202,CAISO
2026-07-17 12:40:00+00:00,2026-07-17 12:40:00+00:00,2026-07-17 12:45:00+00:00,REAL_TIME_5_MIN,.H.INTERNAL_HUB,HUB,31.97,31.72,0.0,0.25,,ISONE
2026-07-17 12:40:00+00:00,2026-07-17 12:40:00+00:00,2026-07-17 12:45:00+00:00,REAL_TIME_5_MIN,LOUISIANA.HUB,Hub,21.95,25.12,-2.82,-0.35,,MISO
2026-07-17 12:40:00+00:00,2026-07-17 12:40:00+00:00,2026-07-17 12:45:00+00:00,REAL_TIME_5_MIN,MINN.HUB,Hub,25.16,25.12,0.0,0.04,,MISO
2026-07-17 12:45:00+00:00,2026-07-17 12:45:00+00:00,2026-07-17 12:50:00+00:00,REAL_TIME_5_MIN,TH_NP15_GEN-APND,Trading Hub,39.46822,30.91054,-0.23964,-2.64267,11.43999,CAISO
2026-07-17 12:45:00+00:00,2026-07-17 12:45:00+00:00,2026-07-17 12:50:00+00:00,REAL_TIME_5_MIN,.H.INTERNAL_HUB,HUB,31.97,31.72,0.0,0.25,,ISONE
2026-07-17 12:45:00+00:00,2026-07-17 12:45:00+00:00,2026-07-17 12:50:00+00:00,REAL_TIME_5_MIN,LOUISIANA.HUB,Hub,20.15,23.23,-2.71,-0.37,,MISO
2026-07-17 12:45:00+00:00,2026-07-17 12:45:00+00:00,2026-07-17 12:50:00+00:00,REAL_TIME_5_MIN,MINN.HUB,Hub,23.37,23.23,0.0,0.14,,MISO
2026-07-17 12:50:00+00:00,2026-07-17 12:50:00+00:00,2026-07-17 12:55:00+00:00,REAL_TIME_5_MIN,TH_NP15_GEN-APND,Trading Hub,40.99619,31.68742,-0.2485,-2.74495,12.30222,CAISO
2026-07-17 12:50:00+00:00,2026-07-17 12:50:00+00:00,2026-07-17 12:55:00+00:00,REAL_TIME_5_MIN,.H.INTERNAL_HUB,HUB,30.32,30.08,0.0,0.24,,ISONE
2026-07-17 12:50:00+00:00,2026-07-17 12:50:00+00:00,2026-07-17 12:55:00+00:00,REAL_TIME_5_MIN,LOUISIANA.HUB,Hub,21.19,24.82,-3.23,-0.4,,MISO
2026-07-17 12:50:00+00:00,2026-07-17 12:50:00+00:00,2026-07-17 12:55:00+00:00,REAL_TIME_5_MIN,MINN.HUB,Hub,25.01,24.82,0.0,0.19,,MISO
2026-07-17 12:55:00+00:00,2026-07-17 12:55:00+00:00,2026-07-17 13:00:00+00:00,REAL_TIME_5_MIN,TH_NP15_GEN-APND,Trading Hub,41.58953,31.22021,-0.24846,-2.78444,13.40221,CAISO
2026-07-17 12:55:00+00:00,2026-07-17 12:55:00+00:00,2026-07-17 13:00:00+00:00,REAL_TIME_5_MIN,.H.INTERNAL_HUB,HUB,30.32,30.08,0.0,0.24,,ISONE
2026-07-17 12:55:00+00:00,2026-07-17 12:55:00+00:00,2026-07-17 13:00:00+00:00,REAL_TIME_5_MIN,LOUISIANA.HUB,Hub,20.78,21.230000000000004,-0.1,-0.35,,MISO
2026-07-17 12:55:00+00:00,2026-07-17 12:55:00+00:00,2026-07-17 13:00:00+00:00,REAL_TIME_5_MIN,MINN.HUB,Hub,21.4,21.23,0.0,0.17,,MISO
2026-07-17 13:00:00+00:00,2026-07-17 13:00:00+00:00,2026-07-17 13:05:00+00:00,REAL_TIME_5_MIN,TH_NP15_GEN-APND,Trading Hub,42.31528,32.38978,-0.00162,-2.46289,12.39,CAISO
2026-07-17 13:00:00+00:00,2026-07-17 13:00:00+00:00,2026-07-17 13:05:00+00:00,REAL_TIME_5_MIN,.H.INTERNAL_HUB,HUB,30.45,28.72,1.52,0.21,,ISONE
2026-07-17 13:00:00+00:00,2026-07-17 13:00:00+00:00,2026-07-17 13:05:00+00:00,REAL_TIME_5_MIN,LOUISIANA.HUB,Hub,20.47,24.48,-3.63,-0.38,,MISO
2026-07-17 13:00:00+00:00,2026-07-17 13:00:00+00:00,2026-07-17 13:05:00+00:00,REAL_TIME_5_MIN,MINN.HUB,Hub,24.8,24.48,0.0,0.32,,MISO
2026-07-17 13:05:00+00:00,2026-07-17 13:05:00+00:00,2026-07-17 13:10:00+00:00,REAL_TIME_5_MIN,TH_NP15_GEN-APND,Trading Hub,42.31234,32.36838,-0.00323,-2.46281,12.41,CAISO
2026-07-17 13:05:00+00:00,2026-07-17 13:05:00+00:00,2026-07-17 13:10:00+00:00,REAL_TIME_5_MIN,.H.INTERNAL_HUB,HUB,35.36,35.08,0.02,0.26,,ISONE
2026-07-17 13:05:00+00:00,2026-07-17 13:05:00+00:00,2026-07-17 13:10:00+00:00,REAL_TIME_5_MIN,LOUISIANA.HUB,Hub,20.62,28.04,-6.97,-0.45,,MISO
2026-07-17 13:05:00+00:00,2026-07-17 13:05:00+00:00,2026-07-17 13:10:00+00:00,REAL_TIME_5_MIN,MINN.HUB,Hub,28.46,28.04,0.0,0.42,,MISO
2026-07-17 13:10:00+00:00,2026-07-17 13:10:00+00:00,2026-07-17 13:15:00+00:00,REAL_TIME_5_MIN,TH_NP15_GEN-APND,Trading Hub,41.45803,35.30518,-4.63538,-2.68269,13.47092,CAISO
2026-07-17 13:10:00+00:00,2026-07-17 13:10:00+00:00,2026-07-17 13:15:00+00:00,REAL_TIME_5_MIN,.H.INTERNAL_HUB,HUB,35.43,35.17,0.0,0.26,,ISONE
2026-07-17 13:10:00+00:00,2026-07-17 13:10:00+00:00,2026-07-17 13:15:00+00:00,REAL_TIME_5_MIN,LOUISIANA.HUB,Hub,20.62,27.44,-6.39,-0.43,,MISO
2026-07-17 13:10:00+00:00,2026-07-17 13:10:00+00:00,2026-07-17 13:15:00+00:00,REAL_TIME_5_MIN,MINN.HUB,Hub,27.74,27.44,0.0,0.3,,MISO
2026-07-17 13:15:00+00:00,2026-07-17 13:15:00+00:00,2026-07-17 13:20:00+00:00,REAL_TIME_5_MIN,TH_NP15_GEN-APND,Trading Hub,42.5178,34.99542,-3.71181,-2.5358,13.77,CAISO
2026-07-17 13:15:00+00:00,2026-07-17 13:15:00+00:00,2026-07-17 13:20:00+00:00,REAL_TIME_5_MIN,.H.INTERNAL_HUB,HUB,35.78,35.53,0.0,0.25,,ISONE
2026-07-17 13:15:00+00:00,2026-07-17 13:15:00+00:00,2026-07-17 13:20:00+00:00,REAL_TIME_5_MIN,LOUISIANA.HUB,Hub,21.3,29.43,-7.65,-0.48,,MISO
2026-07-17 13:15:00+00:00,2026-07-17 13:15:00+00:00,2026-07-17 13:20:00+00:00,REAL_TIME_5_MIN,MINN.HUB,Hub,29.75,29.43,0.0,0.32,,MISO
2026-07-17 13:20:00+00:00,2026-07-17 13:20:00+00:00,2026-07-17 13:25:00+00:00,REAL_TIME_5_MIN,TH_NP15_GEN-APND,Trading Hub,42.61092,31.42967,-0.00323,-2.33748,13.52196,CAISO
2026-07-17 13:20:00+00:00,2026-07-17 13:20:00+00:00,2026-07-17 13:25:00+00:00,REAL_TIME_5_MIN,.H.INTERNAL_HUB,HUB,35.78,35.53,0.0,0.25,,ISONE
2026-07-17 13:20:00+00:00,2026-07-17 13:20:00+00:00,2026-07-17 13:25:00+00:00,REAL_TIME_5_MIN,LOUISIANA.HUB,Hub,21.8,36.07,-13.62,-0.65,,MISO
2026-07-17 13:20:00+00:00,2026-07-17 13:20:00+00:00,2026-07-17 13:25:00+00:00,REAL_TIME_5_MIN,MINN.HUB,Hub,36.6,36.07,0.0,0.53,,MISO
2026-07-17 13:25:00+00:00,2026-07-17 13:25:00+00:00,2026-07-17 13:30:00+00:00,REAL_TIME_5_MIN,TH_NP15_GEN-APND,Trading Hub,42.61399,31.17147,0.0,-2.33748,13.78,CAISO
2026-07-17 13:25:00+00:00,2026-07-17 13:25:00+00:00,2026-07-17 13:30:00+00:00,REAL_TIME_5_MIN,.H.INTERNAL_HUB,HUB,36.15,35.9,0.0,0.25,,ISONE
2026-07-17 13:25:00+00:00,2026-07-17 13:25:00+00:00,2026-07-17 13:30:00+00:00,REAL_TIME_5_MIN,LOUISIANA.HUB,Hub,22.66,32.22,-8.99,-0.57,,MISO
2026-07-17 13:25:00+00:00,2026-07-17 13:25:00+00:00,2026-07-17 13:30:00+00:00,REAL_TIME_5_MIN,MINN.HUB,Hub,32.66,32.22,0.0,0.44,,MISO
2026-07-17 13:30:00+00:00,2026-07-17 13:30:00+00:00,2026-07-17 13:35:00+00:00,REAL_TIME_5_MIN,TH_NP15_GEN-APND,Trading Hub,36.3606,29.43122,-3.54125,-2.23761,12.70824,CAISO
2026-07-17 13:30:00+00:00,2026-07-17 13:30:00+00:00,2026-07-17 13:35:00+00:00,REAL_TIME_5_MIN,.H.INTERNAL_HUB,HUB,41.83,41.54,0.0,0.29,,ISONE
2026-07-17 13:30:00+00:00,2026-07-17 13:30:00+00:00,2026-07-17 13:35:00+00:00,REAL_TIME_5_MIN,LOUISIANA.HUB,Hub,22.1,31.5,-8.83,-0.57,,MISO
2026-07-17 13:30:00+00:00,2026-07-17 13:30:00+00:00,2026-07-17 13:35:00+00:00,REAL_TIME_5_MIN,MINN.HUB,Hub,31.9,31.5,0.0,0.4,,MISO
2026-07-17 13:35:00+00:00,2026-07-17 13:35:00+00:00,2026-07-17 13:40:00+00:00,REAL_TIME_5_MIN,TH_NP15_GEN-APND,Trading Hub,35.00658,29.80173,-4.96371,-2.24144,12.41,CAISO
2026-07-17 13:35:00+00:00,2026-07-17 13:35:00+00:00,2026-07-17 13:40:00+00:00,REAL_TIME_5_MIN,.H.INTERNAL_HUB,HUB,43.34,43.05,0.0,0.29,,ISONE
2026-07-17 13:35:00+00:00,2026-07-17 13:35:00+00:00,2026-07-17 13:40:00+00:00,REAL_TIME_5_MIN,LOUISIANA.HUB,Hub,22.21,29.55,-6.76,-0.58,,MISO
2026-07-17 13:35:00+00:00,2026-07-17 13:35:00+00:00,2026-07-17 13:40:00+00:00,REAL_TIME_5_MIN,MINN.HUB,Hub,30.54,29.55,0.41,0.58,,MISO
2026-07-17 13:40:00+00:00,2026-07-17 13:40:00+00:00,2026-07-17 13:45:00+00:00,REAL_TIME_5_MIN,TH_NP15_GEN-APND,Trading Hub,32.98107,28.26413,-5.53326,-2.1598,12.41,CAISO
2026-07-17 13:40:00+00:00,2026-07-17 13:40:00+00:00,2026-07-17 13:45:00+00:00,REAL_TIME_5_MIN,.H.INTERNAL_HUB,HUB,43.34,43.05,0.0,0.29,,ISONE
2026-07-17 13:40:00+00:00,2026-07-17 13:40:00+00:00,2026-07-17 13:45:00+00:00,REAL_TIME_5_MIN,LOUISIANA.HUB,Hub,22.16,27.5,-4.81,-0.53,,MISO
2026-07-17 13:40:00+00:00,2026-07-17 13:40:00+00:00,2026-07-17 13:45:00+00:00,REAL_TIME_5_MIN,MINN.HUB,Hub,28.87,27.5,0.73,0.64,,MISO
2026-07-17 13:45:00+00:00,2026-07-17 13:45:00+00:00,2026-07-17 13:50:00+00:00,REAL_TIME_5_MIN,TH_NP15_GEN-APND,Trading Hub,38.56179,29.05077,-0.82679,-2.08618,12.424,CAISO
2026-07-17 13:45:00+00:00,2026-07-17 13:45:00+00:00,2026-07-17 13:50:00+00:00,REAL_TIME_5_MIN,.H.INTERNAL_HUB,HUB,42.32,42.03,0.0,0.29,,ISONE
2026-07-17 13:45:00+00:00,2026-07-17 13:45:00+00:00,2026-07-17 13:50:00+00:00,REAL_TIME_5_MIN,LOUISIANA.HUB,Hub,22.07,27.84,-5.19,-0.58,,MISO
2026-07-17 13:45:00+00:00,2026-07-17 13:45:00+00:00,2026-07-17 13:50:00+00:00,REAL_TIME_5_MIN,MINN.HUB,Hub,29.64,27.84,0.94,0.86,,MISO
2026-07-17 13:50:00+00:00,2026-07-17 13:50:00+00:00,2026-07-17 13:55:00+00:00,REAL_TIME_5_MIN,TH_NP15_GEN-APND,Trading Hub,39.24618,29.42342,-0.46402,-2.10321,12.39,CAISO
2026-07-17 13:50:00+00:00,2026-07-17 13:50:00+00:00,2026-07-17 13:55:00+00:00,REAL_TIME_5_MIN,.H.INTERNAL_HUB,HUB,42.35,42.08,-0.01,0.28,,ISONE
2026-07-17 13:50:00+00:00,2026-07-17 13:50:00+00:00,2026-07-17 13:55:00+00:00,REAL_TIME_5_MIN,LOUISIANA.HUB,Hub,22.45,29.0,-6.02,-0.53,,MISO
2026-07-17 13:50:00+00:00,2026-07-17 13:50:00+00:00,2026-07-17 13:55:00+00:00,REAL_TIME_5_MIN,MINN.HUB,Hub,30.93,29.0,1.15,0.78,,MISO
2026-07-17 13:55:00+00:00,2026-07-17 13:55:00+00:00,2026-07-17 14:00:00+00:00,REAL_TIME_5_MIN,TH_NP15_GEN-APND,Trading Hub,38.92801,28.5798,0.0,-2.06179,12.41,CAISO
2026-07-17 13:55:00+00:00,2026-07-17 13:55:00+00:00,2026-07-17 14:00:00+00:00,REAL_TIME_5_MIN,.H.INTERNAL_HUB,HUB,42.35,42.08,-0.01,0.28,,ISONE
2026-07-17 13:55:00+00:00,2026-07-17 13:55:00+00:00,2026-07-17 14:00:00+00:00,REAL_TIME_5_MIN,LOUISIANA.HUB,Hub,23.48,30.5,-6.41,-0.61,,MISO
2026-07-17 13:55:00+00:00,2026-07-17 13:55:00+00:00,2026-07-17 14:00:00+00:00,REAL_TIME_5_MIN,MINN.HUB,Hub,32.29,30.5,0.95,0.84,,MISO
2026-07-17 14:00:00+00:00,2026-07-17 14:00:00+00:00,2026-07-17 14:05:00+00:00,REAL_TIME_5_MIN,TH_NP15_GEN-APND,Trading Hub,46.05186,32.16954,-1.77894,0.0,15.66126,CAISO
2026-07-17 14:00:00+00:00,2026-07-17 14:00:00+00:00,2026-07-17 14:05:00+00:00,REAL_TIME_5_MIN,.H.INTERNAL_HUB,HUB,44.38,44.08,0.0,0.3,,ISONE
2026-07-17 14:00:00+00:00,2026-07-17 14:00:00+00:00,2026-07-17 14:05:00+00:00,REAL_TIME_5_MIN,LOUISIANA.HUB,Hub,22.86,30.46,-7.03,-0.57,,MISO
2026-07-17 14:00:00+00:00,2026-07-17 14:00:00+00:00,2026-07-17 14:05:00+00:00,REAL_TIME_5_MIN,MINN.HUB,Hub,32.35,30.46,1.09,0.8,,MISO
2026-07-17 14:05:00+00:00,2026-07-17 14:05:00+00:00,2026-07-17 14:10:00+00:00,REAL_TIME_5_MIN,TH_NP15_GEN-APND,Trading Hub,41.83786,31.55985,-3.47867,0.0,13.75668,CAISO
2026-07-17 14:05:00+00:00,2026-07-17 14:05:00+00:00,2026-07-17 14:10:00+00:00,REAL_TIME_5_MIN,.H.INTERNAL_HUB,HUB,44.38,44.08,0.0,0.3,,ISONE
2026-07-17 14:05:00+00:00,2026-07-17 14:05:00+00:00,2026-07-17 14:10:00+00:00,REAL_TIME_5_MIN,LOUISIANA.HUB,Hub,22.78,29.56,-6.18,-0.6,,MISO
2026-07-17 14:05:00+00:00,2026-07-17 14:05:00+00:00,2026-07-17 14:10:00+00:00,REAL_TIME_5_MIN,MINN.HUB,Hub,31.65,29.56,1.09,1.0,,MISO
2026-07-17 14:10:00+00:00,2026-07-17 14:10:00+00:00,2026-07-17 14:15:00+00:00,REAL_TIME_5_MIN,TH_NP15_GEN-APND,Trading Hub,39.4339,29.83721,-4.29439,0.0,13.89107,CAISO
2026-07-17 14:10:00+00:00,2026-07-17 14:10:00+00:00,2026-07-17 14:15:00+00:00,REAL_TIME_5_MIN,.H.INTERNAL_HUB,HUB,59.62,59.22,0.0,0.4,,ISONE
2026-07-17 14:10:00+00:00,2026-07-17 14:10:00+00:00,2026-07-17 14:15:00+00:00,REAL_TIME_5_MIN,LOUISIANA.HUB,Hub,23.56,31.32,-7.16,-0.6,,MISO
2026-07-17 14:10:00+00:00,2026-07-17 14:10:00+00:00,2026-07-17 14:15:00+00:00,REAL_TIME_5_MIN,MINN.HUB,Hub,33.41,31.32,1.02,1.07,,MISO
2026-07-17 14:15:00+00:00,2026-07-17 14:15:00+00:00,2026-07-17 14:20:00+00:00,REAL_TIME_5_MIN,TH_NP15_GEN-APND,Trading Hub,32.70085,29.94701,-4.60565,-1.73746,9.09695,CAISO
2026-07-17 14:15:00+00:00,2026-07-17 14:15:00+00:00,2026-07-17 14:20:00+00:00,REAL_TIME_5_MIN,.H.INTERNAL_HUB,HUB,62.93,62.26,0.25,0.42,,ISONE
2026-07-17 14:15:00+00:00,2026-07-17 14:15:00+00:00,2026-07-17 14:20:00+00:00,REAL_TIME_5_MIN,LOUISIANA.HUB,Hub,23.56,29.13,-5.07,-0.5,,MISO
2026-07-17 14:15:00+00:00,2026-07-17 14:15:00+00:00,2026-07-17 14:20:00+00:00,REAL_TIME_5_MIN,MINN.HUB,Hub,31.07,29.13,1.09,0.85,,MISO
2026-07-17 14:20:00+00:00,2026-07-17 14:20:00+00:00,2026-07-17 14:25:00+00:00,REAL_TIME_5_MIN,TH_NP15_GEN-APND,Trading Hub,30.6591,30.63122,-5.3083,-1.67509,7.01127,CAISO
2026-07-17 14:20:00+00:00,2026-07-17 14:20:00+00:00,2026-07-17 14:25:00+00:00,REAL_TIME_5_MIN,.H.INTERNAL_HUB,HUB,62.93,62.26,0.25,0.42,,ISONE
2026-07-17 14:20:00+00:00,2026-07-17 14:20:00+00:00,2026-07-17 14:25:00+00:00,REAL_TIME_5_MIN,LOUISIANA.HUB,Hub,24.64,31.85,-6.63,-0.58,,MISO
2026-07-17 14:20:00+00:00,2026-07-17 14:20:00+00:00,2026-07-17 14:25:00+00:00,REAL_TIME_5_MIN,MINN.HUB,Hub,34.08,31.849999999999994,1.14,1.09,,MISO
2026-07-17 14:25:00+00:00,2026-07-17 14:25:00+00:00,2026-07-17 14:30:00+00:00,REAL_TIME_5_MIN,TH_NP15_GEN-APND,Trading Hub,30.37414,29.04425,-4.0309,-1.60233,6.96312,CAISO
2026-07-17 14:25:00+00:00,2026-07-17 14:25:00+00:00,2026-07-17 14:30:00+00:00,REAL_TIME_5_MIN,.H.INTERNAL_HUB,HUB,65.96,65.13,0.38,0.45,,ISONE
2026-07-17 14:25:00+00:00,2026-07-17 14:25:00+00:00,2026-07-17 14:30:00+00:00,REAL_TIME_5_MIN,LOUISIANA.HUB,Hub,24.86,31.61,-6.22,-0.53,,MISO
2026-07-17 14:25:00+00:00,2026-07-17 14:25:00+00:00,2026-07-17 14:30:00+00:00,REAL_TIME_5_MIN,MINN.HUB,Hub,33.86,31.61,1.28,0.97,,MISO
2026-07-17 14:30:00+00:00,2026-07-17 14:30:00+00:00,2026-07-17 14:35:00+00:00,REAL_TIME_5_MIN,TH_NP15_GEN-APND,Trading Hub,28.23818,28.98393,-2.8945,-1.43629,3.58504,CAISO
2026-07-17 14:30:00+00:00,2026-07-17 14:30:00+00:00,2026-07-17 14:35:00+00:00,REAL_TIME_5_MIN,.H.INTERNAL_HUB,HUB,65.96,65.13,0.38,0.45,,ISONE
2026-07-17 14:30:00+00:00,2026-07-17 14:30:00+00:00,2026-07-17 14:35:00+00:00,REAL_TIME_5_MIN,LOUISIANA.HUB,Hub,24.58,33.52,-8.22,-0.72,,MISO
2026-07-17 14:30:00+00:00,2026-07-17 14:30:00+00:00,2026-07-17 14:35:00+00:00,REAL_TIME_5_MIN,MINN.HUB,Hub,35.91,33.52,1.25,1.14,,MISO
2026-07-17 14:35:00+00:00,2026-07-17 14:35:00+00:00,2026-07-17 14:40:00+00:00,REAL_TIME_5_MIN,TH_NP15_GEN-APND,Trading Hub,26.24713,28.86955,-2.90577,-1.34496,1.62831,CAISO
2026-07-17 14:35:00+00:00,2026-07-17 14:35:00+00:00,2026-07-17 14:40:00+00:00,REAL_TIME_5_MIN,.H.INTERNAL_HUB,HUB,57.21,56.84,0.02,0.35,,ISONE
2026-07-17 14:35:00+00:00,2026-07-17 14:35:00+00:00,2026-07-17 14:40:00+00:00,REAL_TIME_5_MIN,LOUISIANA.HUB,Hub,24.08,33.379999999999995,-8.48,-0.82,,MISO
2026-07-17 14:35:00+00:00,2026-07-17 14:35:00+00:00,2026-07-17 14:40:00+00:00,REAL_TIME_5_MIN,MINN.HUB,Hub,44.58,33.38,9.9,1.3,,MISO
2026-07-17 14:40:00+00:00,2026-07-17 14:40:00+00:00,2026-07-17 14:45:00+00:00,REAL_TIME_5_MIN,TH_NP15_GEN-APND,Trading Hub,27.37579,27.85193,-2.0663,-1.3583,2.94846,CAISO
2026-07-17 14:40:00+00:00,2026-07-17 14:40:00+00:00,2026-07-17 14:45:00+00:00,REAL_TIME_5_MIN,.H.INTERNAL_HUB,HUB,55.34,54.99,0.0,0.35,,ISONE
2026-07-17 14:40:00+00:00,2026-07-17 14:40:00+00:00,2026-07-17 14:45:00+00:00,REAL_TIME_5_MIN,LOUISIANA.HUB,Hub,18.88,61.47,-41.24,-1.35,,MISO
2026-07-17 14:40:00+00:00,2026-07-17 14:40:00+00:00,2026-07-17 14:45:00+00:00,REAL_TIME_5_MIN,MINN.HUB,Hub,116.08,61.47,52.36,2.25,,MISO
2026-07-17 14:45:00+00:00,2026-07-17 14:45:00+00:00,2026-07-17 14:50:00+00:00,REAL_TIME_5_MIN,TH_NP15_GEN-APND,Trading Hub,25.76038,27.41313,-3.27796,-1.32379,2.94899,CAISO
2026-07-17 14:45:00+00:00,2026-07-17 14:45:00+00:00,2026-07-17 14:50:00+00:00,REAL_TIME_5_MIN,.H.INTERNAL_HUB,HUB,36.44,36.21,0.0,0.23,,ISONE
2026-07-17 14:45:00+00:00,2026-07-17 14:45:00+00:00,2026-07-17 14:50:00+00:00,REAL_TIME_5_MIN,LOUISIANA.HUB,Hub,21.91,54.18000000000001,-31.42,-0.85,,MISO
2026-07-17 14:45:00+00:00,2026-07-17 14:45:00+00:00,2026-07-17 14:50:00+00:00,REAL_TIME_5_MIN,MINN.HUB,Hub,95.53,54.18,39.68,1.67,,MISO
2026-07-17 14:50:00+00:00,2026-07-17 14:50:00+00:00,2026-07-17 14:55:00+00:00,REAL_TIME_5_MIN,TH_NP15_GEN-APND,Trading Hub,25.02979,27.72187,-3.11125,-1.28288,1.70205,CAISO
2026-07-17 14:50:00+00:00,2026-07-17 14:50:00+00:00,2026-07-17 14:55:00+00:00,REAL_TIME_5_MIN,.H.INTERNAL_HUB,HUB,35.0,34.78,0.0,0.22,,ISONE
2026-07-17 14:50:00+00:00,2026-07-17 14:50:00+00:00,2026-07-17 14:55:00+00:00,REAL_TIME_5_MIN,LOUISIANA.HUB,Hub,27.41,35.69,-8.02,-0.26,,MISO
2026-07-17 14:50:00+00:00,2026-07-17 14:50:00+00:00,2026-07-17 14:55:00+00:00,REAL_TIME_5_MIN,MINN.HUB,Hub,45.81,35.690000000000005,9.18,0.94,,MISO
2026-07-17 14:55:00+00:00,2026-07-17 14:55:00+00:00,2026-07-17 15:00:00+00:00,REAL_TIME_5_MIN,TH_NP15_GEN-APND,Trading Hub,24.0344,27.33182,-3.78619,-1.26827,1.75703,CAISO
2026-07-17 14:55:00+00:00,2026-07-17 14:55:00+00:00,2026-07-17 15:00:00+00:00,REAL_TIME_5_MIN,.H.INTERNAL_HUB,HUB,35.0,34.78,0.0,0.22,,ISONE
2026-07-17 14:55:00+00:00,2026-07-17 14:55:00+00:00,2026-07-17 15:00:00+00:00,REAL_TIME_5_MIN,LOUISIANA.HUB,Hub,25.6,33.34,-7.46,-0.28,,MISO
2026-07-17 14:55:00+00:00,2026-07-17 14:55:00+00:00,2026-07-17 15:00:00+00:00,REAL_TIME_5_MIN,MINN.HUB,Hub,42.62,33.34,8.51,0.77,,MISO
2026-07-17 15:00:00+00:00,2026-07-17 15:00:00+00:00,2026-07-17 15:05:00+00:00,REAL_TIME_5_MIN,TH_NP15_GEN-APND,Trading Hub,29.3701,25.57847,-5.91617,-1.47409,11.18189,CAISO
2026-07-17 15:00:00+00:00,2026-07-17 15:00:00+00:00,2026-07-17 15:05:00+00:00,REAL_TIME_5_MIN,.H.INTERNAL_HUB,HUB,37.5,37.29,0.0,0.21,,ISONE
2026-07-17 15:00:00+00:00,2026-07-17 15:00:00+00:00,2026-07-17 15:05:00+00:00,REAL_TIME_5_MIN,LOUISIANA.HUB,Hub,25.44,31.450000000000003,-5.67,-0.34,,MISO
2026-07-17 15:00:00+00:00,2026-07-17 15:00:00+00:00,2026-07-17 15:05:00+00:00,REAL_TIME_5_MIN,MINN.HUB,Hub,38.67,31.450000000000003,6.42,0.8,,MISO
2026-07-17 15:05:00+00:00,2026-07-17 15:05:00+00:00,2026-07-17 15:10:00+00:00,REAL_TIME_5_MIN,TH_NP15_GEN-APND,Trading Hub,29.42708,24.58982,-5.41918,-1.45571,11.71215,CAISO
2026-07-17 15:05:00+00:00,2026-07-17 15:05:00+00:00,2026-07-17 15:10:00+00:00,REAL_TIME_5_MIN,.H.INTERNAL_HUB,HUB,37.5,37.29,0.0,0.21,,ISONE
2026-07-17 15:05:00+00:00,2026-07-17 15:05:00+00:00,2026-07-17 15:10:00+00:00,REAL_TIME_5_MIN,LOUISIANA.HUB,Hub,28.29,34.21,-5.5,-0.42,,MISO
2026-07-17 15:05:00+00:00,2026-07-17 15:05:00+00:00,2026-07-17 15:10:00+00:00,REAL_TIME_5_MIN,MINN.HUB,Hub,41.13,34.21000000000001,5.91,1.01,,MISO
2026-07-17 15:10:00+00:00,2026-07-17 15:10:00+00:00,2026-07-17 15:15:00+00:00,REAL_TIME_5_MIN,TH_NP15_GEN-APND,Trading Hub,28.5582,23.27052,-4.33345,-1.37406,10.99519,CAISO
2026-07-17 15:10:00+00:00,2026-07-17 15:10:00+00:00,2026-07-17 15:15:00+00:00,REAL_TIME_5_MIN,.H.INTERNAL_HUB,HUB,35.36,35.16,0.0,0.2,,ISONE
2026-07-17 15:10:00+00:00,2026-07-17 15:10:00+00:00,2026-07-17 15:15:00+00:00,REAL_TIME_5_MIN,LOUISIANA.HUB,Hub,30.4,36.38,-5.75,-0.23,,MISO
2026-07-17 15:10:00+00:00,2026-07-17 15:10:00+00:00,2026-07-17 15:15:00+00:00,REAL_TIME_5_MIN,MINN.HUB,Hub,43.35,36.38,6.14,0.83,,MISO
2026-07-17 15:15:00+00:00,2026-07-17 15:15:00+00:00,2026-07-17 15:20:00+00:00,REAL_TIME_5_MIN,TH_NP15_GEN-APND,Trading Hub,27.41076,20.79487,-4.09945,-1.29242,12.00776,CAISO
2026-07-17 15:15:00+00:00,2026-07-17 15:15:00+00:00,2026-07-17 15:20:00+00:00,REAL_TIME_5_MIN,.H.INTERNAL_HUB,HUB,34.72,34.56,0.0,0.16,,ISONE
2026-07-17 15:15:00+00:00,2026-07-17 15:15:00+00:00,2026-07-17 15:20:00+00:00,REAL_TIME_5_MIN,LOUISIANA.HUB,Hub,33.06,39.49,-6.07,-0.36,,MISO
2026-07-17 15:15:00+00:00,2026-07-17 15:15:00+00:00,2026-07-17 15:20:00+00:00,REAL_TIME_5_MIN,MINN.HUB,Hub,40.31,39.49,-0.03,0.85,,MISO
2026-07-17 15:20:00+00:00,2026-07-17 15:20:00+00:00,2026-07-17 15:25:00+00:00,REAL_TIME_5_MIN,TH_NP15_GEN-APND,Trading Hub,28.07083,21.25699,-3.36807,-1.2895,11.47141,CAISO
2026-07-17 15:20:00+00:00,2026-07-17 15:20:00+00:00,2026-07-17 15:25:00+00:00,REAL_TIME_5_MIN,.H.INTERNAL_HUB,HUB,34.88,34.72,0.0,0.16,,ISONE
2026-07-17 15:20:00+00:00,2026-07-17 15:20:00+00:00,2026-07-17 15:25:00+00:00,REAL_TIME_5_MIN,LOUISIANA.HUB,Hub,27.96,35.77,-7.39,-0.42,,MISO
2026-07-17 15:20:00+00:00,2026-07-17 15:20:00+00:00,2026-07-17 15:25:00+00:00,REAL_TIME_5_MIN,MINN.HUB,Hub,38.78,35.77,2.34,0.67,,MISO
2026-07-17 15:25:00+00:00,2026-07-17 15:25:00+00:00,2026-07-17 15:30:00+00:00,REAL_TIME_5_MIN,TH_NP15_GEN-APND,Trading Hub,27.92064,26.68469,-3.89711,-1.30504,6.4381,CAISO
2026-07-17 15:25:00+00:00,2026-07-17 15:25:00+00:00,2026-07-17 15:30:00+00:00,REAL_TIME_5_MIN,.H.INTERNAL_HUB,HUB,34.88,34.72,0.0,0.16,,ISONE
2026-07-17 15:25:00+00:00,2026-07-17 15:25:00+00:00,2026-07-17 15:30:00+00:00,REAL_TIME_5_MIN,LOUISIANA.HUB,Hub,27.58,36.22,-8.14,-0.5,,MISO
2026-07-17 15:25:00+00:00,2026-07-17 15:25:00+00:00,2026-07-17 15:30:00+00:00,REAL_TIME_5_MIN,MINN.HUB,Hub,37.58,36.22,0.38,0.98,,MISO
2026-07-17 15:30:00+00:00,2026-07-17 15:30:00+00:00,2026-07-17 15:35:00+00:00,REAL_TIME_5_MIN,TH_NP15_GEN-APND,Trading Hub,27.67295,26.72479,-4.44032,-1.17508,6.56356,CAISO
2026-07-17 15:30:00+00:00,2026-07-17 15:30:00+00:00,2026-07-17 15:35:00+00:00,REAL_TIME_5_MIN,.H.INTERNAL_HUB,HUB,33.81,33.68,0.0,0.13,,ISONE
2026-07-17 15:30:00+00:00,2026-07-17 15:30:00+00:00,2026-07-17 15:35:00+00:00,REAL_TIME_5_MIN,LOUISIANA.HUB,Hub,27.51,39.79,-11.56,-0.72,,MISO
2026-07-17 15:30:00+00:00,2026-07-17 15:30:00+00:00,2026-07-17 15:35:00+00:00,REAL_TIME_5_MIN,MINN.HUB,Hub,42.08,39.79,0.89,1.4,,MISO
2026-07-17 15:35:00+00:00,2026-07-17 15:35:00+00:00,2026-07-17 15:40:00+00:00,REAL_TIME_5_MIN,TH_NP15_GEN-APND,Trading Hub,27.34157,27.72532,-4.21616,-1.15475,4.98716,CAISO
2026-07-17 15:35:00+00:00,2026-07-17 15:35:00+00:00,2026-07-17 15:40:00+00:00,REAL_TIME_5_MIN,.H.INTERNAL_HUB,HUB,33.25,33.12,0.0,0.13,,ISONE
2026-07-17 15:35:00+00:00,2026-07-17 15:35:00+00:00,2026-07-17 15:40:00+00:00,REAL_TIME_5_MIN,LOUISIANA.HUB,Hub,27.24,36.98,-9.19,-0.55,,MISO
2026-07-17 15:35:00+00:00,2026-07-17 15:35:00+00:00,2026-07-17 15:40:00+00:00,REAL_TIME_5_MIN,MINN.HUB,Hub,39.53,36.98,1.26,1.29,,MISO
2026-07-17 15:40:00+00:00,2026-07-17 15:40:00+00:00,2026-07-17 15:45:00+00:00,REAL_TIME_5_MIN,TH_NP15_GEN-APND,Trading Hub,26.49514,31.17201,-3.57649,-1.10037,0.0,CAISO
2026-07-17 15:40:00+00:00,2026-07-17 15:40:00+00:00,2026-07-17 15:45:00+00:00,REAL_TIME_5_MIN,.H.INTERNAL_HUB,HUB,33.25,33.12,0.0,0.13,,ISONE
2026-07-17 15:40:00+00:00,2026-07-17 15:40:00+00:00,2026-07-17 15:45:00+00:00,REAL_TIME_5_MIN,LOUISIANA.HUB,Hub,26.89,43.53,-16.13,-0.51,,MISO
2026-07-17 15:40:00+00:00,2026-07-17 15:40:00+00:00,2026-07-17 15:45:00+00:00,REAL_TIME_5_MIN,MINN.HUB,Hub,45.08,43.53,0.34,1.21,,MISO
2026-07-17 15:45:00+00:00,2026-07-17 15:45:00+00:00,2026-07-17 15:50:00+00:00,REAL_TIME_5_MIN,TH_NP15_GEN-APND,Trading Hub,26.16464,30.89676,-3.69708,-1.03504,0.0,CAISO
2026-07-17 15:45:00+00:00,2026-07-17 15:45:00+00:00,2026-07-17 15:50:00+00:00,REAL_TIME_5_MIN,.H.INTERNAL_HUB,HUB,33.13,33.03,0.0,0.1,,ISONE
2026-07-17 15:45:00+00:00,2026-07-17 15:45:00+00:00,2026-07-17 15:50:00+00:00,REAL_TIME_5_MIN,LOUISIANA.HUB,Hub,28.66,48.89,-19.7,-0.53,,MISO
2026-07-17 15:45:00+00:00,2026-07-17 15:45:00+00:00,2026-07-17 15:50:00+00:00,REAL_TIME_5_MIN,MINN.HUB,Hub,51.39,48.89,1.23,1.27,,MISO
2026-07-17 15:50:00+00:00,2026-07-17 15:50:00+00:00,2026-07-17 15:55:00+00:00,REAL_TIME_5_MIN,TH_NP15_GEN-APND,Trading Hub,25.47753,30.28152,-3.78956,-1.01443,0.0,CAISO
2026-07-17 15:50:00+00:00,2026-07-17 15:50:00+00:00,2026-07-17 15:55:00+00:00,REAL_TIME_5_MIN,.H.INTERNAL_HUB,HUB,33.13,33.03,0.0,0.1,,ISONE
2026-07-17 15:50:00+00:00,2026-07-17 15:50:00+00:00,2026-07-17 15:55:00+00:00,REAL_TIME_5_MIN,LOUISIANA.HUB,Hub,27.93,51.1,-22.79,-0.38,,MISO
2026-07-17 15:50:00+00:00,2026-07-17 15:50:00+00:00,2026-07-17 15:55:00+00:00,REAL_TIME_5_MIN,MINN.HUB,Hub,54.51,51.1,2.18,1.23,,MISO
2026-07-17 15:55:00+00:00,2026-07-17 15:55:00+00:00,2026-07-17 16:00:00+00:00,REAL_TIME_5_MIN,TH_NP15_GEN-APND,Trading Hub,25.12666,29.6955,-3.57404,-0.9948,0.0,CAISO
2026-07-17 15:55:00+00:00,2026-07-17 15:55:00+00:00,2026-07-17 16:00:00+00:00,REAL_TIME_5_MIN,.H.INTERNAL_HUB,HUB,32.77,32.66,0.02,0.09,,ISONE
2026-07-17 15:55:00+00:00,2026-07-17 15:55:00+00:00,2026-07-17 16:00:00+00:00,REAL_TIME_5_MIN,LOUISIANA.HUB,Hub,28.63,46.02,-17.06,-0.33,,MISO
2026-07-17 15:55:00+00:00,2026-07-17 15:55:00+00:00,2026-07-17 16:00:00+00:00,REAL_TIME_5_MIN,MINN.HUB,Hub,49.26,46.02,2.19,1.05,,MISO
2026-07-17 16:00:00+00:00,2026-07-17 16:00:00+00:00,2026-07-17 16:05:00+00:00,REAL_TIME_5_MIN,TH_NP15_GEN-APND,Trading Hub,27.9862,28.45777,-3.21073,-1.11475,3.85391,CAISO
2026-07-17 16:00:00+00:00,2026-07-17 16:00:00+00:00,2026-07-17 16:05:00+00:00,REAL_TIME_5_MIN,.H.INTERNAL_HUB,HUB,32.81,32.73,0.0,0.08,,ISONE
2026-07-17 16:00:00+00:00,2026-07-17 16:00:00+00:00,2026-07-17 16:05:00+00:00,REAL_TIME_5_MIN,LOUISIANA.HUB,Hub,27.43,40.26,-12.54,-0.29,,MISO
2026-07-17 16:00:00+00:00,2026-07-17 16:00:00+00:00,2026-07-17 16:05:00+00:00,REAL_TIME_5_MIN,MINN.HUB,Hub,42.38,40.26,1.06,1.06,,MISO
2026-07-17 16:05:00+00:00,2026-07-17 16:05:00+00:00,2026-07-17 16:10:00+00:00,REAL_TIME_5_MIN,TH_NP15_GEN-APND,Trading Hub,27.45204,29.03258,-3.34774,-1.10056,2.86776,CAISO
2026-07-17 16:05:00+00:00,2026-07-17 16:05:00+00:00,2026-07-17 16:10:00+00:00,REAL_TIME_5_MIN,.H.INTERNAL_HUB,HUB,32.81,32.73,0.0,0.08,,ISONE
2026-07-17 16:05:00+00:00,2026-07-17 16:05:00+00:00,2026-07-17 16:10:00+00:00,REAL_TIME_5_MIN,LOUISIANA.HUB,Hub,26.72,30.83,-3.81,-0.3,,MISO
2026-07-17 16:05:00+00:00,2026-07-17 16:05:00+00:00,2026-07-17 16:10:00+00:00,REAL_TIME_5_MIN,MINN.HUB,Hub,34.54,30.83,2.8,0.91,,MISO
2026-07-17 16:10:00+00:00,2026-07-17 16:10:00+00:00,2026-07-17 16:15:00+00:00,REAL_TIME_5_MIN,TH_NP15_GEN-APND,Trading Hub,27.39519,28.35395,-2.53804,-1.0696,2.64888,CAISO
2026-07-17 16:10:00+00:00,2026-07-17 16:10:00+00:00,2026-07-17 16:15:00+00:00,REAL_TIME_5_MIN,.H.INTERNAL_HUB,HUB,32.81,32.73,0.0,0.08,,ISONE
2026-07-17 16:10:00+00:00,2026-07-17 16:10:00+00:00,2026-07-17 16:15:00+00:00,REAL_TIME_5_MIN,LOUISIANA.HUB,Hub,27.12,33.57,-6.12,-0.33,,MISO
2026-07-17 16:10:00+00:00,2026-07-17 16:10:00+00:00,2026-07-17 16:15:00+00:00,REAL_TIME_5_MIN,MINN.HUB,Hub,36.25,33.57,1.37,1.31,,MISO
2026-07-17 16:15:00+00:00,2026-07-17 16:15:00+00:00,2026-07-17 16:20:00+00:00,REAL_TIME_5_MIN,TH_NP15_GEN-APND,Trading Hub,27.47581,28.75127,-2.05006,-1.04554,1.82015,CAISO
2026-07-17 16:15:00+00:00,2026-07-17 16:15:00+00:00,2026-07-17 16:20:00+00:00,REAL_TIME_5_MIN,.H.INTERNAL_HUB,HUB,32.57,32.52,-0.02,0.07,,ISONE
2026-07-17 16:15:00+00:00,2026-07-17 16:15:00+00:00,2026-07-17 16:20:00+00:00,REAL_TIME_5_MIN,LOUISIANA.HUB,Hub,27.48,41.31,-13.58,-0.25,,MISO
2026-07-17 16:15:00+00:00,2026-07-17 16:15:00+00:00,2026-07-17 16:20:00+00:00,REAL_TIME_5_MIN,MINN.HUB,Hub,44.42,41.31,1.38,1.73,,MISO
2026-07-17 16:20:00+00:00,2026-07-17 16:20:00+00:00,2026-07-17 16:25:00+00:00,REAL_TIME_5_MIN,TH_NP15_GEN-APND,Trading Hub,28.26563,27.01839,-1.57205,-1.05658,3.87587,CAISO
2026-07-17 16:20:00+00:00,2026-07-17 16:20:00+00:00,2026-07-17 16:25:00+00:00,REAL_TIME_5_MIN,.H.INTERNAL_HUB,HUB,32.28,32.21,-0.01,0.08,,ISONE
2026-07-17 16:20:00+00:00,2026-07-17 16:20:00+00:00,2026-07-17 16:25:00+00:00,REAL_TIME_5_MIN,LOUISIANA.HUB,Hub,38.01,37.49,0.63,-0.11,,MISO
2026-07-17 16:20:00+00:00,2026-07-17 16:20:00+00:00,2026-07-17 16:25:00+00:00,REAL_TIME_5_MIN,MINN.HUB,Hub,38.66,37.49,0.0,1.17,,MISO
2026-07-17 16:25:00+00:00,2026-07-17 16:25:00+00:00,2026-07-17 16:30:00+00:00,REAL_TIME_5_MIN,TH_NP15_GEN-APND,Trading Hub,27.71841,29.36621,-1.67731,-1.04093,1.07044,CAISO
2026-07-17 16:25:00+00:00,2026-07-17 16:25:00+00:00,2026-07-17 16:30:00+00:00,REAL_TIME_5_MIN,.H.INTERNAL_HUB,HUB,31.81,31.75,-0.01,0.07,,ISONE
2026-07-17 16:25:00+00:00,2026-07-17 16:25:00+00:00,2026-07-17 16:30:00+00:00,REAL_TIME_5_MIN,LOUISIANA.HUB,Hub,38.03,38.54,-0.5,-0.01,,MISO
2026-07-17 16:25:00+00:00,2026-07-17 16:25:00+00:00,2026-07-17 16:30:00+00:00,REAL_TIME_5_MIN,MINN.HUB,Hub,39.68,38.54,0.0,1.14,,MISO
2026-07-17 16:30:00+00:00,2026-07-17 16:30:00+00:00,2026-07-17 16:35:00+00:00,REAL_TIME_5_MIN,TH_NP15_GEN-APND,Trading Hub,27.75592,27.34891,-1.14918,-1.04216,2.59836,CAISO
2026-07-17 16:30:00+00:00,2026-07-17 16:30:00+00:00,2026-07-17 16:35:00+00:00,REAL_TIME_5_MIN,.H.INTERNAL_HUB,HUB,31.81,31.75,-0.01,0.07,,ISONE
2026-07-17 16:30:00+00:00,2026-07-17 16:30:00+00:00,2026-07-17 16:35:00+00:00,REAL_TIME_5_MIN,LOUISIANA.HUB,Hub,28.76,41.14,-12.27,-0.11,,MISO
2026-07-17 16:30:00+00:00,2026-07-17 16:30:00+00:00,2026-07-17 16:35:00+00:00,REAL_TIME_5_MIN,MINN.HUB,Hub,42.47,41.14,0.0,1.33,,MISO
2026-07-17 16:35:00+00:00,2026-07-17 16:35:00+00:00,2026-07-17 16:40:00+00:00,REAL_TIME_5_MIN,TH_NP15_GEN-APND,Trading Hub,27.57625,26.02328,-0.23468,-1.00271,2.79037,CAISO
2026-07-17 16:35:00+00:00,2026-07-17 16:35:00+00:00,2026-07-17 16:40:00+00:00,REAL_TIME_5_MIN,.H.INTERNAL_HUB,HUB,31.81,31.75,-0.01,0.07,,ISONE
2026-07-17 16:35:00+00:00,2026-07-17 16:35:00+00:00,2026-07-17 16:40:00+00:00,REAL_TIME_5_MIN,LOUISIANA.HUB,Hub,31.52,44.54,-12.78,-0.24,,MISO
2026-07-17 16:35:00+00:00,2026-07-17 16:35:00+00:00,2026-07-17 16:40:00+00:00,REAL_TIME_5_MIN,MINN.HUB,Hub,46.09,44.540000000000006,0.0,1.55,,MISO
2026-07-17 16:40:00+00:00,2026-07-17 16:40:00+00:00,2026-07-17 16:45:00+00:00,REAL_TIME_5_MIN,TH_NP15_GEN-APND,Trading Hub,27.22843,25.04318,-0.27315,-0.99156,3.44996,CAISO
2026-07-17 16:40:00+00:00,2026-07-17 16:40:00+00:00,2026-07-17 16:45:00+00:00,REAL_TIME_5_MIN,.H.INTERNAL_HUB,HUB,31.72,31.59,0.06,0.07,,ISONE
2026-07-17 16:40:00+00:00,2026-07-17 16:40:00+00:00,2026-07-17 16:45:00+00:00,REAL_TIME_5_MIN,LOUISIANA.HUB,Hub,29.96,44.38,-14.19,-0.23,,MISO
2026-07-17 16:40:00+00:00,2026-07-17 16:40:00+00:00,2026-07-17 16:45:00+00:00,REAL_TIME_5_MIN,MINN.HUB,Hub,45.77,44.38,0.0,1.39,,MISO
2026-07-17 16:45:00+00:00,2026-07-17 16:45:00+00:00,2026-07-17 16:50:00+00:00,REAL_TIME_5_MIN,TH_NP15_GEN-APND,Trading Hub,24.78979,26.17805,-1.96269,-0.97892,1.55335,CAISO
2026-07-17 16:45:00+00:00,2026-07-17 16:45:00+00:00,2026-07-17 16:50:00+00:00,REAL_TIME_5_MIN,.H.INTERNAL_HUB,HUB,31.72,31.59,0.06,0.07,,ISONE
2026-07-17 16:45:00+00:00,2026-07-17 16:45:00+00:00,2026-07-17 16:50:00+00:00,REAL_TIME_5_MIN,LOUISIANA.HUB,Hub,33.87,49.04,-15.08,-0.09,,MISO
2026-07-17 16:45:00+00:00,2026-07-17 16:45:00+00:00,2026-07-17 16:50:00+00:00,REAL_TIME_5_MIN,MINN.HUB,Hub,50.48,49.04,0.0,1.44,,MISO
2026-07-17 16:50:00+00:00,2026-07-17 16:50:00+00:00,2026-07-17 16:55:00+00:00,REAL_TIME_5_MIN,TH_NP15_GEN-APND,Trading Hub,25.81818,24.19598,-0.3231,-0.95655,2.90184,CAISO
2026-07-17 16:50:00+00:00,2026-07-17 16:50:00+00:00,2026-07-17 16:55:00+00:00,REAL_TIME_5_MIN,.H.INTERNAL_HUB,HUB,31.72,31.63,0.0,0.09,,ISONE
2026-07-17 16:50:00+00:00,2026-07-17 16:50:00+00:00,2026-07-17 16:55:00+00:00,REAL_TIME_5_MIN,LOUISIANA.HUB,Hub,29.46,46.89,-17.34,-0.09,,MISO
2026-07-17 16:50:00+00:00,2026-07-17 16:50:00+00:00,2026-07-17 16:55:00+00:00,REAL_TIME_5_MIN,MINN.HUB,Hub,48.26,46.89,0.0,1.37,,MISO
2026-07-17 16:55:00+00:00,2026-07-17 16:55:00+00:00,2026-07-17 17:00:00+00:00,REAL_TIME_5_MIN,TH_NP15_GEN-APND,Trading Hub,26.08312,23.7619,-1.05522,-0.99304,4.36948,CAISO
2026-07-17 16:55:00+00:00,2026-07-17 16:55:00+00:00,2026-07-17 17:00:00+00:00,REAL_TIME_5_MIN,.H.INTERNAL_HUB,HUB,31.18,31.08,0.01,0.09,,ISONE
2026-07-17 16:55:00+00:00,2026-07-17 16:55:00+00:00,2026-07-17 17:00:00+00:00,REAL_TIME_5_MIN,LOUISIANA.HUB,Hub,29.91,49.66,-19.51,-0.24,,MISO
2026-07-17 16:55:00+00:00,2026-07-17 16:55:00+00:00,2026-07-17 17:00:00+00:00,REAL_TIME_5_MIN,MINN.HUB,Hub,51.16,49.66,0.0,1.5,,MISO
2026-07-17 17:00:00+00:00,2026-07-17 17:00:00+00:00,2026-07-17 17:05:00+00:00,REAL_TIME_5_MIN,TH_NP15_GEN-APND,Trading Hub,26.61261,21.74007,-3.32592,-1.04091,9.23937,CAISO
2026-07-17 17:00:00+00:00,2026-07-17 17:00:00+00:00,2026-07-17 17:05:00+00:00,REAL_TIME_5_MIN,.H.INTERNAL_HUB,HUB,31.18,31.08,0.01,0.09,,ISONE
2026-07-17 17:00:00+00:00,2026-07-17 17:00:00+00:00,2026-07-17 17:05:00+00:00,REAL_TIME_5_MIN,LOUISIANA.HUB,Hub,37.11,40.78,-3.47,-0.2,,MISO
2026-07-17 17:00:00+00:00,2026-07-17 17:00:00+00:00,2026-07-17 17:05:00+00:00,REAL_TIME_5_MIN,MINN.HUB,Hub,42.11,40.78,0.0,1.33,,MISO
2026-07-17 17:05:00+00:00,2026-07-17 17:05:00+00:00,2026-07-17 17:10:00+00:00,REAL_TIME_5_MIN,TH_NP15_GEN-APND,Trading Hub,26.72331,21.48224,-3.29385,-1.04364,9.57857,CAISO
2026-07-17 17:05:00+00:00,2026-07-17 17:05:00+00:00,2026-07-17 17:10:00+00:00,REAL_TIME_5_MIN,.H.INTERNAL_HUB,HUB,31.63,31.56,-0.02,0.09,,ISONE
2026-07-17 17:05:00+00:00,2026-07-17 17:05:00+00:00,2026-07-17 17:10:00+00:00,REAL_TIME_5_MIN,LOUISIANA.HUB,Hub,29.84,35.52,-5.56,-0.12,,MISO
2026-07-17 17:05:00+00:00,2026-07-17 17:05:00+00:00,2026-07-17 17:10:00+00:00,REAL_TIME_5_MIN,MINN.HUB,Hub,36.72,35.52,0.0,1.2,,MISO
2026-07-17 17:10:00+00:00,2026-07-17 17:10:00+00:00,2026-07-17 17:15:00+00:00,REAL_TIME_5_MIN,TH_NP15_GEN-APND,Trading Hub,27.16775,21.79002,-2.89492,-1.04523,9.31788,CAISO
2026-07-17 17:10:00+00:00,2026-07-17 17:10:00+00:00,2026-07-17 17:15:00+00:00,REAL_TIME_5_MIN,.H.INTERNAL_HUB,HUB,31.7,31.62,-0.01,0.09,,ISONE
2026-07-17 17:10:00+00:00,2026-07-17 17:10:00+00:00,2026-07-17 17:15:00+00:00,REAL_TIME_5_MIN,LOUISIANA.HUB,Hub,29.61,35.63,-5.81,-0.21,,MISO
2026-07-17 17:10:00+00:00,2026-07-17 17:10:00+00:00,2026-07-17 17:15:00+00:00,REAL_TIME_5_MIN,MINN.HUB,Hub,37.08,35.629999999999995,0.0,1.45,,MISO
2026-07-17 17:15:00+00:00,2026-07-17 17:15:00+00:00,2026-07-17 17:20:00+00:00,REAL_TIME_5_MIN,TH_NP15_GEN-APND,Trading Hub,27.45762,22.69014,-1.77668,-0.93526,7.47942,CAISO
2026-07-17 17:15:00+00:00,2026-07-17 17:15:00+00:00,2026-07-17 17:20:00+00:00,REAL_TIME_5_MIN,.H.INTERNAL_HUB,HUB,31.7,31.62,-0.01,0.09,,ISONE
2026-07-17 17:15:00+00:00,2026-07-17 17:15:00+00:00,2026-07-17 17:20:00+00:00,REAL_TIME_5_MIN,LOUISIANA.HUB,Hub,29.49,36.65,-6.87,-0.29,,MISO
2026-07-17 17:15:00+00:00,2026-07-17 17:15:00+00:00,2026-07-17 17:20:00+00:00,REAL_TIME_5_MIN,MINN.HUB,Hub,38.21,36.65,0.0,1.56,,MISO
2026-07-17 17:20:00+00:00,2026-07-17 17:20:00+00:00,2026-07-17 17:25:00+00:00,REAL_TIME_5_MIN,TH_NP15_GEN-APND,Trading Hub,26.02115,23.35583,-1.8159,-0.89056,5.37177,CAISO
2026-07-17 17:20:00+00:00,2026-07-17 17:20:00+00:00,2026-07-17 17:25:00+00:00,REAL_TIME_5_MIN,.H.INTERNAL_HUB,HUB,31.7,31.62,-0.01,0.09,,ISONE
2026-07-17 17:20:00+00:00,2026-07-17 17:20:00+00:00,2026-07-17 17:25:00+00:00,REAL_TIME_5_MIN,LOUISIANA.HUB,Hub,43.95,40.82,3.35,-0.22,,MISO
2026-07-17 17:20:00+00:00,2026-07-17 17:20:00+00:00,2026-07-17 17:25:00+00:00,REAL_TIME_5_MIN,MINN.HUB,Hub,42.12,40.82,0.0,1.3,,MISO
2026-07-17 17:25:00+00:00,2026-07-17 17:25:00+00:00,2026-07-17 17:30:00+00:00,REAL_TIME_5_MIN,TH_NP15_GEN-APND,Trading Hub,22.7858,23.98085,-2.083,-0.7956,1.68354,CAISO
2026-07-17 17:25:00+00:00,2026-07-17 17:25:00+00:00,2026-07-17 17:30:00+00:00,REAL_TIME_5_MIN,.H.INTERNAL_HUB,HUB,31.18,31.09,0.0,0.09,,ISONE
2026-07-17 17:25:00+00:00,2026-07-17 17:25:00+00:00,2026-07-17 17:30:00+00:00,REAL_TIME_5_MIN,LOUISIANA.HUB,Hub,43.76,43.88,-0.05,-0.07,,MISO
2026-07-17 17:25:00+00:00,2026-07-17 17:25:00+00:00,2026-07-17 17:30:00+00:00,REAL_TIME_5_MIN,MINN.HUB,Hub,48.06,43.88,3.14,1.04,,MISO
2026-07-17 17:30:00+00:00,2026-07-17 17:30:00+00:00,2026-07-17 17:35:00+00:00,REAL_TIME_5_MIN,TH_NP15_GEN-APND,Trading Hub,23.19761,23.54818,-1.88434,-0.85863,2.3924,CAISO
2026-07-17 17:30:00+00:00,2026-07-17 17:30:00+00:00,2026-07-17 17:35:00+00:00,REAL_TIME_5_MIN,.H.INTERNAL_HUB,HUB,31.15,31.07,0.0,0.08,,ISONE
2026-07-17 17:30:00+00:00,2026-07-17 17:30:00+00:00,2026-07-17 17:35:00+00:00,REAL_TIME_5_MIN,LOUISIANA.HUB,Hub,44.13,46.25,-2.14,0.02,,MISO
2026-07-17 17:30:00+00:00,2026-07-17 17:30:00+00:00,2026-07-17 17:35:00+00:00,REAL_TIME_5_MIN,MINN.HUB,Hub,51.1,46.25,3.67,1.18,,MISO
2026-07-17 17:35:00+00:00,2026-07-17 17:35:00+00:00,2026-07-17 17:40:00+00:00,REAL_TIME_5_MIN,TH_NP15_GEN-APND,Trading Hub,23.11,25.7858,-1.82229,-0.85351,0.0,CAISO
2026-07-17 17:35:00+00:00,2026-07-17 17:35:00+00:00,2026-07-17 17:40:00+00:00,REAL_TIME_5_MIN,.H.INTERNAL_HUB,HUB,30.48,30.41,-0.01,0.08,,ISONE
2026-07-17 17:35:00+00:00,2026-07-17 17:35:00+00:00,2026-07-17 17:40:00+00:00,REAL_TIME_5_MIN,LOUISIANA.HUB,Hub,47.13,46.53,0.6,0.0,,MISO
2026-07-17 17:35:00+00:00,2026-07-17 17:35:00+00:00,2026-07-17 17:40:00+00:00,REAL_TIME_5_MIN,MINN.HUB,Hub,47.55,46.53,0.0,1.02,,MISO
2026-07-17 17:40:00+00:00,2026-07-17 17:40:00+00:00,2026-07-17 17:45:00+00:00,REAL_TIME_5_MIN,TH_NP15_GEN-APND,Trading Hub,23.02659,24.86966,-1.01989,-0.82319,0.0,CAISO
2026-07-17 17:40:00+00:00,2026-07-17 17:40:00+00:00,2026-07-17 17:45:00+00:00,REAL_TIME_5_MIN,.H.INTERNAL_HUB,HUB,30.95,30.89,-0.01,0.07,,ISONE
2026-07-17 17:40:00+00:00,2026-07-17 17:40:00+00:00,2026-07-17 17:45:00+00:00,REAL_TIME_5_MIN,LOUISIANA.HUB,Hub,46.58,46.01,0.63,-0.06,,MISO
2026-07-17 17:40:00+00:00,2026-07-17 17:40:00+00:00,2026-07-17 17:45:00+00:00,REAL_TIME_5_MIN,MINN.HUB,Hub,46.92,46.010000000000005,0.0,0.91,,MISO
2026-07-17 17:45:00+00:00,2026-07-17 17:45:00+00:00,2026-07-17 17:50:00+00:00,REAL_TIME_5_MIN,TH_NP15_GEN-APND,Trading Hub,21.94298,24.56287,-1.82651,-0.79338,0.0,CAISO
2026-07-17 17:45:00+00:00,2026-07-17 17:45:00+00:00,2026-07-17 17:50:00+00:00,REAL_TIME_5_MIN,.H.INTERNAL_HUB,HUB,30.95,30.89,-0.01,0.07,,ISONE
2026-07-17 17:45:00+00:00,2026-07-17 17:45:00+00:00,2026-07-17 17:50:00+00:00,REAL_TIME_5_MIN,LOUISIANA.HUB,Hub,32.43,46.48,-13.89,-0.16,,MISO
2026-07-17 17:45:00+00:00,2026-07-17 17:45:00+00:00,2026-07-17 17:50:00+00:00,REAL_TIME_5_MIN,MINN.HUB,Hub,47.6,46.48,0.0,1.12,,MISO
2026-07-17 17:50:00+00:00,2026-07-17 17:50:00+00:00,2026-07-17 17:55:00+00:00,REAL_TIME_5_MIN,TH_NP15_GEN-APND,Trading Hub,20.10721,23.15441,-2.29931,-0.74789,0.0,CAISO
2026-07-17 17:50:00+00:00,2026-07-17 17:50:00+00:00,2026-07-17 17:55:00+00:00,REAL_TIME_5_MIN,.H.INTERNAL_HUB,HUB,30.98,30.94,-0.01,0.05,,ISONE
2026-07-17 17:50:00+00:00,2026-07-17 17:50:00+00:00,2026-07-17 17:55:00+00:00,REAL_TIME_5_MIN,LOUISIANA.HUB,Hub,31.15,45.59,-14.16,-0.28,,MISO
2026-07-17 17:50:00+00:00,2026-07-17 17:50:00+00:00,2026-07-17 17:55:00+00:00,REAL_TIME_5_MIN,MINN.HUB,Hub,46.86,45.59,0.0,1.27,,MISO
2026-07-17 17:55:00+00:00,2026-07-17 17:55:00+00:00,2026-07-17 18:00:00+00:00,REAL_TIME_5_MIN,TH_NP15_GEN-APND,Trading Hub,19.87744,22.87848,-2.26207,-0.73897,0.0,CAISO
2026-07-17 17:55:00+00:00,2026-07-17 17:55:00+00:00,2026-07-17 18:00:00+00:00,REAL_TIME_5_MIN,.H.INTERNAL_HUB,HUB,30.95,30.92,-0.02,0.05,,ISONE
2026-07-17 17:55:00+00:00,2026-07-17 17:55:00+00:00,2026-07-17 18:00:00+00:00,REAL_TIME_5_MIN,LOUISIANA.HUB,Hub,30.44,43.2,-12.56,-0.2,,MISO
2026-07-17 17:55:00+00:00,2026-07-17 17:55:00+00:00,2026-07-17 18:00:00+00:00,REAL_TIME_5_MIN,MINN.HUB,Hub,44.49,43.2,0.0,1.29,,MISO
2026-07-17 18:00:00+00:00,2026-07-17 18:00:00+00:00,2026-07-17 18:05:00+00:00,REAL_TIME_5_MIN,TH_NP15_GEN-APND,Trading Hub,25.5096,21.9469,-1.29645,-0.77787,5.63702,CAISO
2026-07-17 18:00:00+00:00,2026-07-17 18:00:00+00:00,2026-07-17 18:05:00+00:00,REAL_TIME_5_MIN,.H.INTERNAL_HUB,HUB,30.95,30.92,-0.02,0.05,,ISONE
2026-07-17 18:00:00+00:00,2026-07-17 18:00:00+00:00,2026-07-17 18:05:00+00:00,REAL_TIME_5_MIN,LOUISIANA.HUB,Hub,42.93,39.35,3.84,-0.26,,MISO
2026-07-17 18:00:00+00:00,2026-07-17 18:00:00+00:00,2026-07-17 18:05:00+00:00,REAL_TIME_5_MIN,MINN.HUB,Hub,40.85,39.35,0.0,1.5,,MISO
2026-07-17 18:05:00+00:00,2026-07-17 18:05:00+00:00,2026-07-17 18:10:00+00:00,REAL_TIME_5_MIN,TH_NP15_GEN-APND,Trading Hub,26.29449,21.9674,-2.08258,-0.82346,7.23313,CAISO
2026-07-17 18:05:00+00:00,2026-07-17 18:05:00+00:00,2026-07-17 18:10:00+00:00,REAL_TIME_5_MIN,.H.INTERNAL_HUB,HUB,28.69,28.64,0.0,0.05,,ISONE
2026-07-17 18:05:00+00:00,2026-07-17 18:05:00+00:00,2026-07-17 18:10:00+00:00,REAL_TIME_5_MIN,LOUISIANA.HUB,Hub,31.13,41.18,-9.81,-0.24,,MISO
2026-07-17 18:05:00+00:00,2026-07-17 18:05:00+00:00,2026-07-17 18:10:00+00:00,REAL_TIME_5_MIN,MINN.HUB,Hub,42.75,41.18,0.0,1.57,,MISO
2026-07-17 18:10:00+00:00,2026-07-17 18:10:00+00:00,2026-07-17 18:15:00+00:00,REAL_TIME_5_MIN,TH_NP15_GEN-APND,Trading Hub,25.2343,22.02479,-2.0854,-0.79277,6.08768,CAISO
2026-07-17 18:10:00+00:00,2026-07-17 18:10:00+00:00,2026-07-17 18:15:00+00:00,REAL_TIME_5_MIN,.H.INTERNAL_HUB,HUB,28.69,28.64,0.0,0.05,,ISONE
2026-07-17 18:10:00+00:00,2026-07-17 18:10:00+00:00,2026-07-17 18:15:00+00:00,REAL_TIME_5_MIN,LOUISIANA.HUB,Hub,45.19,41.63,3.83,-0.27,,MISO
2026-07-17 18:10:00+00:00,2026-07-17 18:10:00+00:00,2026-07-17 18:15:00+00:00,REAL_TIME_5_MIN,MINN.HUB,Hub,42.98,41.63,0.0,1.35,,MISO
2026-07-17 18:15:00+00:00,2026-07-17 18:15:00+00:00,2026-07-17 18:20:00+00:00,REAL_TIME_5_MIN,TH_NP15_GEN-APND,Trading Hub,25.67462,22.02131,-2.1439,-0.84264,6.63984,CAISO
2026-07-17 18:15:00+00:00,2026-07-17 18:15:00+00:00,2026-07-17 18:20:00+00:00,REAL_TIME_5_MIN,.H.INTERNAL_HUB,HUB,29.36,29.34,-0.01,0.03,,ISONE
2026-07-17 18:15:00+00:00,2026-07-17 18:15:00+00:00,2026-07-17 18:20:00+00:00,REAL_TIME_5_MIN,LOUISIANA.HUB,Hub,38.19,45.93,-7.63,-0.11,,MISO
2026-07-17 18:15:00+00:00,2026-07-17 18:15:00+00:00,2026-07-17 18:20:00+00:00,REAL_TIME_5_MIN,MINN.HUB,Hub,47.5,45.93,0.0,1.57,,MISO
2026-07-17 18:20:00+00:00,2026-07-17 18:20:00+00:00,2026-07-17 18:25:00+00:00,REAL_TIME_5_MIN,TH_NP15_GEN-APND,Trading Hub,25.50985,22.17173,-2.05378,-0.83492,6.22682,CAISO
2026-07-17 18:20:00+00:00,2026-07-17 18:20:00+00:00,2026-07-17 18:25:00+00:00,REAL_TIME_5_MIN,.H.INTERNAL_HUB,HUB,28.8,28.81,-0.01,0.0,,ISONE
2026-07-17 18:20:00+00:00,2026-07-17 18:20:00+00:00,2026-07-17 18:25:00+00:00,REAL_TIME_5_MIN,LOUISIANA.HUB,Hub,37.53,46.12,-8.36,-0.23,,MISO
2026-07-17 18:20:00+00:00,2026-07-17 18:20:00+00:00,2026-07-17 18:25:00+00:00,REAL_TIME_5_MIN,MINN.HUB,Hub,47.69,46.12,0.0,1.57,,MISO
2026-07-17 18:25:00+00:00,2026-07-17 18:25:00+00:00,2026-07-17 18:30:00+00:00,REAL_TIME_5_MIN,TH_NP15_GEN-APND,Trading Hub,25.73985,24.26154,-2.27831,-0.84869,4.6053,CAISO
2026-07-17 18:25:00+00:00,2026-07-17 18:25:00+00:00,2026-07-17 18:30:00+00:00,REAL_TIME_5_MIN,.H.INTERNAL_HUB,HUB,28.8,28.81,-0.01,0.0,,ISONE
2026-07-17 18:25:00+00:00,2026-07-17 18:25:00+00:00,2026-07-17 18:30:00+00:00,REAL_TIME_5_MIN,LOUISIANA.HUB,Hub,42.62,48.03,-5.22,-0.19,,MISO
2026-07-17 18:25:00+00:00,2026-07-17 18:25:00+00:00,2026-07-17 18:30:00+00:00,REAL_TIME_5_MIN,MINN.HUB,Hub,49.52,48.03,0.0,1.49,,MISO
2026-07-17 18:30:00+00:00,2026-07-17 18:30:00+00:00,2026-07-17 18:35:00+00:00,REAL_TIME_5_MIN,TH_NP15_GEN-APND,Trading Hub,24.6255,25.06342,-0.66265,-0.79555,1.02027,CAISO
2026-07-17 18:30:00+00:00,2026-07-17 18:30:00+00:00,2026-07-17 18:35:00+00:00,REAL_TIME_5_MIN,.H.INTERNAL_HUB,HUB,30.8,30.79,0.0,0.01,,ISONE
2026-07-17 18:30:00+00:00,2026-07-17 18:30:00+00:00,2026-07-17 18:35:00+00:00,REAL_TIME_5_MIN,LOUISIANA.HUB,Hub,47.22,51.83,-4.53,-0.08,,MISO
2026-07-17 18:30:00+00:00,2026-07-17 18:30:00+00:00,2026-07-17 18:35:00+00:00,REAL_TIME_5_MIN,MINN.HUB,Hub,53.28,51.83,0.0,1.45,,MISO
2026-07-17 18:35:00+00:00,2026-07-17 18:35:00+00:00,2026-07-17 18:40:00+00:00,REAL_TIME_5_MIN,TH_NP15_GEN-APND,Trading Hub,24.47509,25.71314,-0.4538,-0.78425,0.0,CAISO
2026-07-17 18:35:00+00:00,2026-07-17 18:35:00+00:00,2026-07-17 18:40:00+00:00,REAL_TIME_5_MIN,.H.INTERNAL_HUB,HUB,30.8,30.79,0.0,0.01,,ISONE
2026-07-17 18:35:00+00:00,2026-07-17 18:35:00+00:00,2026-07-17 18:40:00+00:00,REAL_TIME_5_MIN,LOUISIANA.HUB,Hub,38.01,49.33,-11.26,-0.06,,MISO
2026-07-17 18:35:00+00:00,2026-07-17 18:35:00+00:00,2026-07-17 18:40:00+00:00,REAL_TIME_5_MIN,MINN.HUB,Hub,50.61,49.33,0.0,1.28,,MISO
2026-07-17 18:40:00+00:00,2026-07-17 18:40:00+00:00,2026-07-17 18:45:00+00:00,REAL_TIME_5_MIN,TH_NP15_GEN-APND,Trading Hub,25.73694,27.09888,-0.53542,-0.82652,0.0,CAISO
2026-07-17 18:40:00+00:00,2026-07-17 18:40:00+00:00,2026-07-17 18:45:00+00:00,REAL_TIME_5_MIN,.H.INTERNAL_HUB,HUB,32.06,32.06,-0.03,0.03,,ISONE
2026-07-17 18:40:00+00:00,2026-07-17 18:40:00+00:00,2026-07-17 18:45:00+00:00,REAL_TIME_5_MIN,LOUISIANA.HUB,Hub,31.68,46.86,-15.08,-0.1,,MISO
2026-07-17 18:40:00+00:00,2026-07-17 18:40:00+00:00,2026-07-17 18:45:00+00:00,REAL_TIME_5_MIN,MINN.HUB,Hub,48.21,46.86,0.0,1.35,,MISO
2026-07-17 18:45:00+00:00,2026-07-17 18:45:00+00:00,2026-07-17 18:50:00+00:00,REAL_TIME_5_MIN,TH_NP15_GEN-APND,Trading Hub,27.70132,28.63924,-0.08733,-0.85059,0.0,CAISO
2026-07-17 18:45:00+00:00,2026-07-17 18:45:00+00:00,2026-07-17 18:50:00+00:00,REAL_TIME_5_MIN,.H.INTERNAL_HUB,HUB,32.65,31.29,1.33,0.03,,ISONE
2026-07-17 18:45:00+00:00,2026-07-17 18:45:00+00:00,2026-07-17 18:50:00+00:00,REAL_TIME_5_MIN,LOUISIANA.HUB,Hub,32.76,46.04,-13.1,-0.18,,MISO
2026-07-17 18:45:00+00:00,2026-07-17 18:45:00+00:00,2026-07-17 18:50:00+00:00,REAL_TIME_5_MIN,MINN.HUB,Hub,47.3,46.04,0.0,1.26,,MISO
2026-07-17 18:50:00+00:00,2026-07-17 18:50:00+00:00,2026-07-17 18:55:00+00:00,REAL_TIME_5_MIN,TH_NP15_GEN-APND,Trading Hub,29.63679,31.8671,-1.28385,-0.94645,0.0,CAISO
2026-07-17 18:50:00+00:00,2026-07-17 18:50:00+00:00,2026-07-17 18:55:00+00:00,REAL_TIME_5_MIN,.H.INTERNAL_HUB,HUB,32.57,30.86,1.69,0.02,,ISONE
2026-07-17 18:50:00+00:00,2026-07-17 18:50:00+00:00,2026-07-17 18:55:00+00:00,REAL_TIME_5_MIN,LOUISIANA.HUB,Hub,33.08,47.6,-14.43,-0.09,,MISO
2026-07-17 18:50:00+00:00,2026-07-17 18:50:00+00:00,2026-07-17 18:55:00+00:00,REAL_TIME_5_MIN,MINN.HUB,Hub,48.85,47.6,0.0,1.25,,MISO
2026-07-17 18:55:00+00:00,2026-07-17 18:55:00+00:00,2026-07-17 19:00:00+00:00,REAL_TIME_5_MIN,TH_NP15_GEN-APND,Trading Hub,28.75326,31.34775,-1.66346,-0.93103,0.0,CAISO
2026-07-17 18:55:00+00:00,2026-07-17 18:55:00+00:00,2026-07-17 19:00:00+00:00,REAL_TIME_5_MIN,.H.INTERNAL_HUB,HUB,32.57,30.86,1.69,0.02,,ISONE
2026-07-17 18:55:00+00:00,2026-07-17 18:55:00+00:00,2026-07-17 19:00:00+00:00,REAL_TIME_5_MIN,LOUISIANA.HUB,Hub,33.03,46.370000000000005,-13.31,-0.03,,MISO
2026-07-17 18:55:00+00:00,2026-07-17 18:55:00+00:00,2026-07-17 19:00:00+00:00,REAL_TIME_5_MIN,MINN.HUB,Hub,47.61,46.37,0.0,1.24,,MISO
2026-07-17 19:00:00+00:00,2026-07-17 19:00:00+00:00,2026-07-17 19:05:00+00:00,REAL_TIME_5_MIN,TH_NP15_GEN-APND,Trading Hub,27.03967,27.88524,-2.33275,-0.95846,2.44564,CAISO
2026-07-17 19:00:00+00:00,2026-07-17 19:00:00+00:00,2026-07-17 19:05:00+00:00,REAL_TIME_5_MIN,.H.INTERNAL_HUB,HUB,32.57,30.86,1.69,0.02,,ISONE
2026-07-17 19:00:00+00:00,2026-07-17 19:00:00+00:00,2026-07-17 19:05:00+00:00,REAL_TIME_5_MIN,LOUISIANA.HUB,Hub,31.14,41.08,-9.96,0.02,,MISO
2026-07-17 19:00:00+00:00,2026-07-17 19:00:00+00:00,2026-07-17 19:05:00+00:00,REAL_TIME_5_MIN,MINN.HUB,Hub,42.13,41.080000000000005,0.0,1.05,,MISO
2026-07-17 19:05:00+00:00,2026-07-17 19:05:00+00:00,2026-07-17 19:10:00+00:00,REAL_TIME_5_MIN,TH_NP15_GEN-APND,Trading Hub,28.20965,27.08149,-2.00805,-0.98604,4.12224,CAISO
2026-07-17 19:05:00+00:00,2026-07-17 19:05:00+00:00,2026-07-17 19:10:00+00:00,REAL_TIME_5_MIN,.H.INTERNAL_HUB,HUB,32.95,30.46,2.46,0.03,,ISONE
2026-07-17 19:05:00+00:00,2026-07-17 19:05:00+00:00,2026-07-17 19:10:00+00:00,REAL_TIME_5_MIN,LOUISIANA.HUB,Hub,36.57,40.46,-3.87,-0.02,,MISO
2026-07-17 19:05:00+00:00,2026-07-17 19:05:00+00:00,2026-07-17 19:10:00+00:00,REAL_TIME_5_MIN,MINN.HUB,Hub,41.47,40.46,0.0,1.01,,MISO
2026-07-17 19:10:00+00:00,2026-07-17 19:10:00+00:00,2026-07-17 19:15:00+00:00,REAL_TIME_5_MIN,TH_NP15_GEN-APND,Trading Hub,27.78514,28.27863,-1.81439,-0.96587,2.28677,CAISO
2026-07-17 19:10:00+00:00,2026-07-17 19:10:00+00:00,2026-07-17 19:15:00+00:00,REAL_TIME_5_MIN,.H.INTERNAL_HUB,HUB,32.95,30.46,2.46,0.03,,ISONE
2026-07-17 19:10:00+00:00,2026-07-17 19:10:00+00:00,2026-07-17 19:15:00+00:00,REAL_TIME_5_MIN,LOUISIANA.HUB,Hub,33.08,40.58,-7.47,-0.03,,MISO
2026-07-17 19:10:00+00:00,2026-07-17 19:10:00+00:00,2026-07-17 19:15:00+00:00,REAL_TIME_5_MIN,MINN.HUB,Hub,41.5,40.58,0.0,0.92,,MISO
2026-07-17 19:15:00+00:00,2026-07-17 19:15:00+00:00,2026-07-17 19:20:00+00:00,REAL_TIME_5_MIN,TH_NP15_GEN-APND,Trading Hub,28.10494,30.95942,-1.9542,-0.94884,0.04857,CAISO
2026-07-17 19:15:00+00:00,2026-07-17 19:15:00+00:00,2026-07-17 19:20:00+00:00,REAL_TIME_5_MIN,.H.INTERNAL_HUB,HUB,32.34,29.87,2.45,0.02,,ISONE
2026-07-17 19:15:00+00:00,2026-07-17 19:15:00+00:00,2026-07-17 19:20:00+00:00,REAL_TIME_5_MIN,LOUISIANA.HUB,Hub,38.11,39.73,-1.62,0.0,,MISO
2026-07-17 19:15:00+00:00,2026-07-17 19:15:00+00:00,2026-07-17 19:20:00+00:00,REAL_TIME_5_MIN,MINN.HUB,Hub,40.57,39.73,0.0,0.84,,MISO
2026-07-17 19:20:00+00:00,2026-07-17 19:20:00+00:00,2026-07-17 19:25:00+00:00,REAL_TIME_5_MIN,TH_NP15_GEN-APND,Trading Hub,28.00806,30.99501,-2.0385,-0.94845,0.0,CAISO
2026-07-17 19:20:00+00:00,2026-07-17 19:20:00+00:00,2026-07-17 19:25:00+00:00,REAL_TIME_5_MIN,.H.INTERNAL_HUB,HUB,32.34,29.87,2.45,0.02,,ISONE
2026-07-17 19:20:00+00:00,2026-07-17 19:20:00+00:00,2026-07-17 19:25:00+00:00,REAL_TIME_5_MIN,LOUISIANA.HUB,Hub,44.78,40.16,4.49,0.13,,MISO
2026-07-17 19:20:00+00:00,2026-07-17 19:20:00+00:00,2026-07-17 19:25:00+00:00,REAL_TIME_5_MIN,MINN.HUB,Hub,40.88,40.16,0.0,0.72,,MISO
2026-07-17 19:25:00+00:00,2026-07-17 19:25:00+00:00,2026-07-17 19:30:00+00:00,REAL_TIME_5_MIN,TH_NP15_GEN-APND,Trading Hub,28.71906,31.37086,-1.69185,-0.95995,0.0,CAISO
2026-07-17 19:25:00+00:00,2026-07-17 19:25:00+00:00,2026-07-17 19:30:00+00:00,REAL_TIME_5_MIN,.H.INTERNAL_HUB,HUB,32.66,29.92,2.7,0.04,,ISONE
2026-07-17 19:25:00+00:00,2026-07-17 19:25:00+00:00,2026-07-17 19:30:00+00:00,REAL_TIME_5_MIN,LOUISIANA.HUB,Hub,43.86,37.96,5.78,0.12,,MISO
2026-07-17 19:25:00+00:00,2026-07-17 19:25:00+00:00,2026-07-17 19:30:00+00:00,REAL_TIME_5_MIN,MINN.HUB,Hub,38.54,37.96,0.0,0.58,,MISO
2026-07-17 19:30:00+00:00,2026-07-17 19:30:00+00:00,2026-07-17 19:35:00+00:00,REAL_TIME_5_MIN,TH_NP15_GEN-APND,Trading Hub,29.94574,32.89218,-1.90376,-1.04268,0.0,CAISO
2026-07-17 19:30:00+00:00,2026-07-17 19:30:00+00:00,2026-07-17 19:35:00+00:00,REAL_TIME_5_MIN,.H.INTERNAL_HUB,HUB,32.66,29.92,2.7,0.04,,ISONE
2026-07-17 19:30:00+00:00,2026-07-17 19:30:00+00:00,2026-07-17 19:35:00+00:00,REAL_TIME_5_MIN,LOUISIANA.HUB,Hub,48.74,38.57000000000001,10.16,0.01,,MISO
2026-07-17 19:30:00+00:00,2026-07-17 19:30:00+00:00,2026-07-17 19:35:00+00:00,REAL_TIME_5_MIN,MINN.HUB,Hub,39.28,38.57,0.0,0.71,,MISO
2026-07-17 19:35:00+00:00,2026-07-17 19:35:00+00:00,2026-07-17 19:40:00+00:00,REAL_TIME_5_MIN,TH_NP15_GEN-APND,Trading Hub,29.97141,32.96767,-1.95118,-1.04508,0.0,CAISO
2026-07-17 19:35:00+00:00,2026-07-17 19:35:00+00:00,2026-07-17 19:40:00+00:00,REAL_TIME_5_MIN,.H.INTERNAL_HUB,HUB,33.87,30.96,2.87,0.04,,ISONE
2026-07-17 19:35:00+00:00,2026-07-17 19:35:00+00:00,2026-07-17 19:40:00+00:00,REAL_TIME_5_MIN,LOUISIANA.HUB,Hub,49.82,43.91,5.8,0.11,,MISO
2026-07-17 19:35:00+00:00,2026-07-17 19:35:00+00:00,2026-07-17 19:40:00+00:00,REAL_TIME_5_MIN,MINN.HUB,Hub,44.45,43.91,0.0,0.54,,MISO
2026-07-17 19:40:00+00:00,2026-07-17 19:40:00+00:00,2026-07-17 19:45:00+00:00,REAL_TIME_5_MIN,TH_NP15_GEN-APND,Trading Hub,29.44276,31.94062,-1.48535,-1.01252,0.0,CAISO
2026-07-17 19:40:00+00:00,2026-07-17 19:40:00+00:00,2026-07-17 19:45:00+00:00,REAL_TIME_5_MIN,.H.INTERNAL_HUB,HUB,34.73,31.67,3.02,0.04,,ISONE
2026-07-17 19:40:00+00:00,2026-07-17 19:40:00+00:00,2026-07-17 19:45:00+00:00,REAL_TIME_5_MIN,LOUISIANA.HUB,Hub,49.17,39.96,8.97,0.24,,MISO
2026-07-17 19:40:00+00:00,2026-07-17 19:40:00+00:00,2026-07-17 19:45:00+00:00,REAL_TIME_5_MIN,MINN.HUB,Hub,40.31,39.96,0.0,0.35,,MISO
2026-07-17 19:45:00+00:00,2026-07-17 19:45:00+00:00,2026-07-17 19:50:00+00:00,REAL_TIME_5_MIN,TH_NP15_GEN-APND,Trading Hub,29.51262,31.9785,-1.46175,-1.00412,0.0,CAISO
2026-07-17 19:45:00+00:00,2026-07-17 19:45:00+00:00,2026-07-17 19:50:00+00:00,REAL_TIME_5_MIN,.H.INTERNAL_HUB,HUB,34.73,31.67,3.02,0.04,,ISONE
2026-07-17 19:45:00+00:00,2026-07-17 19:45:00+00:00,2026-07-17 19:50:00+00:00,REAL_TIME_5_MIN,LOUISIANA.HUB,Hub,49.55,40.22,9.12,0.21,,MISO
2026-07-17 19:45:00+00:00,2026-07-17 19:45:00+00:00,2026-07-17 19:50:00+00:00,REAL_TIME_5_MIN,MINN.HUB,Hub,40.54,40.22,0.0,0.32,,MISO
2026-07-17 19:50:00+00:00,2026-07-17 19:50:00+00:00,2026-07-17 19:55:00+00:00,REAL_TIME_5_MIN,TH_NP15_GEN-APND,Trading Hub,29.51596,31.6716,-1.16116,-0.99449,0.0,CAISO
2026-07-17 19:50:00+00:00,2026-07-17 19:50:00+00:00,2026-07-17 19:55:00+00:00,REAL_TIME_5_MIN,.H.INTERNAL_HUB,HUB,34.43,31.33,3.05,0.05,,ISONE
2026-07-17 19:50:00+00:00,2026-07-17 19:50:00+00:00,2026-07-17 19:55:00+00:00,REAL_TIME_5_MIN,LOUISIANA.HUB,Hub,46.37,39.35,6.84,0.18,,MISO
2026-07-17 19:50:00+00:00,2026-07-17 19:50:00+00:00,2026-07-17 19:55:00+00:00,REAL_TIME_5_MIN,MINN.HUB,Hub,39.5,39.35,0.0,0.15,,MISO
2026-07-17 19:55:00+00:00,2026-07-17 19:55:00+00:00,2026-07-17 20:00:00+00:00,REAL_TIME_5_MIN,TH_NP15_GEN-APND,Trading Hub,29.52393,30.02121,0.4454,-0.94267,0.0,CAISO
2026-07-17 19:55:00+00:00,2026-07-17 19:55:00+00:00,2026-07-17 20:00:00+00:00,REAL_TIME_5_MIN,.H.INTERNAL_HUB,HUB,35.16,32.01,3.09,0.06,,ISONE
2026-07-17 19:55:00+00:00,2026-07-17 19:55:00+00:00,2026-07-17 20:00:00+00:00,REAL_TIME_5_MIN,LOUISIANA.HUB,Hub,49.68,39.370000000000005,10.12,0.19,,MISO
2026-07-17 19:55:00+00:00,2026-07-17 19:55:00+00:00,2026-07-17 20:00:00+00:00,REAL_TIME_5_MIN,MINN.HUB,Hub,39.59,39.370000000000005,0.0,0.22,,MISO
